"","date","Team","Opponent","Player","#","Pos","Age","Min","Gls","Ast","PK","PKatt","Sh","SoT","CrdY","CrdR","Touches","Tkl","Int","Blocks","xG","npxG","xAG","SCA","GCA","Cmp","Att","Cmp%","PrgP","Carries","PrgC","Att","Succ"
"1","July-22-2023","United States","Vietnam","Alex Morgan","13","FW","34-020","62","0","1","0","1","4","0","0","0","22","0","1","2","1.6","0.8","0.8","6","1","11","13","84.6","2","8","0","1","0"
"2","July-22-2023","United States","Vietnam","Megan Rapinoe","15","LW","38-017","28","0","0","0","0","3","0","0","0","32","0","1","2","0.9","0.9","0.2","2","0","15","23","65.2","0","18","0","2","0"
"3","July-22-2023","United States","Vietnam","Sophia Smith","11","LW,FW","22-346","90","2","1","0","0","5","2","0","0","48","2","0","2","0.8","0.8","0.4","4","1","13","25","52.0","2","32","3","10","6"
"4","July-22-2023","United States","Vietnam","Trinity Rodman","20","RW","21-063","74","0","0","0","0","0","0","0","0","39","2","1","2","0.0","0.0","0.4","4","0","13","20","65.0","0","22","4","3","2"
"5","July-22-2023","United States","Vietnam","Alyssa Thompson","7","RW","18-257","16","0","0","0","0","0","0","0","0","9","0","0","0","0.0","0.0","0.0","1","0","4","6","66.7","1","6","1","1","1"
"6","July-22-2023","United States","Vietnam","Lindsey Horan","10","LM","29-057","90","1","0","0","0","5","1","1","0","89","1","5","1","0.5","0.5","0.4","5","1","46","64","71.9","13","54","2","12","7"
"7","July-22-2023","United States","Vietnam","Andi Sullivan","17","CM","27-214","90","0","0","0","0","1","0","0","0","58","2","2","1","0.0","0.0","0.1","5","1","32","50","64.0","5","19","0","2","2"
"8","July-22-2023","United States","Vietnam","Savannah Demelo","9","RM","25-118","62","0","0","0","0","2","1","0","0","29","4","0","2","0.3","0.3","0.3","2","0","14","19","73.7","5","15","1","2","1"
"9","July-22-2023","United States","Vietnam","Rose Lavelle","16","RM","28-069","28","0","0","0","0","1","1","0","0","23","0","0","0","0.1","0.1","0.7","3","0","15","20","75.0","4","11","1","2","2"
"10","July-22-2023","United States","Vietnam","Crystal Dunn","19","LB","31-019","83","0","0","0","0","0","0","0","0","55","2","1","2","0.0","0.0","0.0","1","0","37","45","82.2","5","24","2","0","0"
"11","July-22-2023","United States","Vietnam","Kelley O'Hara","5","LB","34-352","7","0","0","0","0","0","0","0","0","17","0","0","1","0.0","0.0","0.0","0","0","12","16","75.0","5","8","1","0","0"
"12","July-22-2023","United States","Vietnam","Naomi Girma","4","CB","23-038","90","0","0","0","0","0","0","0","0","86","1","0","0","0.0","0.0","0.0","3","0","75","83","90.4","10","70","1","1","1"
"13","July-22-2023","United States","Vietnam","Julie Ertz","8","CB","31-107","90","0","0","0","0","4","1","0","0","90","0","0","0","0.3","0.3","0.0","4","1","67","83","80.7","17","63","8","1","1"
"14","July-22-2023","United States","Vietnam","Emily Fox","23","RB","25-017","83","0","0","0","0","2","0","0","0","60","0","2","1","0.2","0.2","0.0","4","1","30","47","63.8","3","34","3","7","6"
"15","July-22-2023","United States","Vietnam","Sofia Huerta","3","RB","30-220","7","0","0","0","0","0","0","0","0","10","0","0","0","0.0","0.0","0.0","0","0","6","9","66.7","0","5","0","0","0"
"16","July-22-2023","United States","Vietnam","Alyssa Naeher","1","GK","35-093","90","0","0","0","0","0","0","0","0","9","0","0","0","0.0","0.0","0.0","0","0","9","9","100.0","0","6","0","0","0"
"17","July-22-2023","Vietnam","United States","Huỳnh Như","9","FW","31-236","75","0","0","0","0","0","0","1","0","20","0","0","1","0.0","0.0","0.0","0","0","13","15","86.7","1","15","0","2","0"
"18","July-22-2023","Vietnam","United States","Phạm Hải Yến","12","FW","28-255","15","0","0","0","0","0","0","0","0","14","1","0","0","0.0","0.0","0.0","0","0","5","10","50.0","0","9","0","1","0"
"19","July-22-2023","Vietnam","United States","Nguyễn Thị Tuyết Dung","7","LM","29-221","45","0","0","0","0","0","0","0","0","16","0","2","0","0.0","0.0","0.0","0","0","3","7","42.9","0","6","0","0","0"
"20","July-22-2023","Vietnam","United States","Ngân Thị Vạn Sự","21","RM,LM","22-084","45","0","0","0","0","0","0","0","0","19","0","2","0","0.0","0.0","0.0","0","0","3","12","25.0","0","11","0","2","1"
"21","July-22-2023","Vietnam","United States","Thái Thị Thảo","11","CM","28-160","90","0","0","0","0","0","0","0","0","52","4","1","0","0.0","0.0","0.0","0","0","19","38","50.0","1","24","0","1","1"
"22","July-22-2023","Vietnam","United States","Trần Thị Hải Linh","10","CM","22-044","88","0","0","0","0","0","0","0","0","33","2","1","1","0.0","0.0","0.0","0","0","15","24","62.5","1","9","0","0","0"
"23","July-22-2023","Vietnam","United States","Dương Thị Vân","16","CM","28-305","2","0","0","0","0","0","0","0","0","4","1","0","0","0.0","0.0","0.0","0","0","1","2","50.0","0","2","0","0","0"
"24","July-22-2023","Vietnam","United States","Nguyễn Thị Bích Thùy","23","RM","29-082","60","0","0","0","0","0","0","0","0","18","2","0","1","0.0","0.0","0.0","0","0","6","8","75.0","2","12","1","1","0"
"25","July-22-2023","Vietnam","United States","Nguyễn Thị Mỹ Anh","22","LM","28-237","30","0","0","0","0","0","0","0","0","8","1","0","0","0.0","0.0","0.0","0","0","3","6","50.0","1","3","0","0","0"
"26","July-22-2023","Vietnam","United States","Hoàng Thị Loan","5","LB","28-166","90","0","0","0","0","0","0","0","0","39","4","0","1","0.0","0.0","0.0","0","0","15","31","48.4","1","16","0","1","1"
"27","July-22-2023","Vietnam","United States","Trần Thị Thu","4","CB","32-007","90","0","0","0","0","0","0","0","0","45","2","3","2","0.0","0.0","0.0","0","0","11","27","40.7","0","12","0","0","0"
"28","July-22-2023","Vietnam","United States","Lê Thị Diễm My","13","CB","26-333","90","0","0","0","0","0","0","0","0","40","2","2","2","0.0","0.0","0.0","0","0","11","24","45.8","0","20","0","1","1"
"29","July-22-2023","Vietnam","United States","Lương Thị Thu Thương","2","CB","23-082","60","0","0","0","0","0","0","0","0","23","2","1","2","0.0","0.0","0.0","0","0","5","15","33.3","0","7","0","0","0"
"30","July-22-2023","Vietnam","United States","Chương Thị Kiều","3","CB","27-337","30","0","0","0","0","0","0","0","0","13","0","0","1","0.0","0.0","0.0","0","0","4","6","66.7","0","5","0","0","0"
"31","July-22-2023","Vietnam","United States","Trần Thị Thu Thảo","17","RB","30-188","90","0","0","0","0","0","0","0","0","51","6","2","2","0.0","0.0","0.0","0","0","16","30","53.3","2","16","0","0","0"
"32","July-22-2023","Vietnam","United States","Trần Thị Kim Thanh","14","GK","29-307","90","0","0","0","0","0","0","0","0","38","0","0","0","0.0","0.0","0.0","0","0","14","33","42.4","0","8","0","0","0"
"33","August-1-2023","Portugal","United States","Diana Silva","16","FW,AM","28-058","89","0","0","0","0","0","0","0","0","21","1","0","2","0.0","0.0","0.0","0","0","7","11","63.6","2","16","1","3","0"
"34","August-1-2023","Portugal","United States","Ana Capeta","21","AM","25-222","1","0","0","0","0","1","0","0","0","3","0","0","0","0.1","0.1","0.0","0","0","0","1","0.0","0","1","1","1","0"
"35","August-1-2023","Portugal","United States","Jéssica Silva","10","FW","28-233","90","0","0","0","0","1","0","0","0","43","3","0","2","0.1","0.1","0.0","2","0","11","21","52.4","3","29","3","7","2"
"36","August-1-2023","Portugal","United States","Kika Nazareth","20","AM","20-257","61","0","0","0","0","1","0","0","0","41","2","0","0","0.0","0.0","0.1","1","0","28","35","80.0","4","23","0","1","0"
"37","August-1-2023","Portugal","United States","Andreia Jacinto","6","LM","21-054","29","0","0","0","0","1","0","0","0","17","1","0","1","0.0","0.0","0.0","1","0","9","13","69.2","1","14","0","0","0"
"38","August-1-2023","Portugal","United States","Andreia Norton","8","LM,AM","26-351","80","0","0","0","0","1","0","0","0","40","1","0","2","0.1","0.1","0.0","0","0","24","30","80.0","2","25","0","2","1"
"39","August-1-2023","Portugal","United States","Telma Encarnação","23","FW","21-294","10","0","0","0","0","0","0","0","0","9","0","0","0","0.0","0.0","0.1","1","0","4","8","50.0","1","5","0","0","0"
"40","August-1-2023","Portugal","United States","Tatiana Pinto","11","RM","29-126","90","0","0","0","0","0","0","0","0","60","2","0","0","0.0","0.0","0.1","3","0","35","46","76.1","5","33","2","2","1"
"41","August-1-2023","Portugal","United States","Dolores Silva","14","DM","31-359","90","0","0","0","0","0","0","0","0","60","2","0","2","0.0","0.0","0.0","1","0","40","53","75.5","3","35","0","0","0"
"42","August-1-2023","Portugal","United States","Catarina Amado","2","LB","24-011","88","0","0","0","0","0","0","1","0","55","4","2","3","0.0","0.0","0.0","0","0","28","42","66.7","1","28","2","3","3"
"43","August-1-2023","Portugal","United States","Joana Marchão","5","LB","26-281","2","0","0","0","0","0","0","0","0","3","0","0","0","0.0","0.0","0.0","0","0","0","3","0.0","0","2","0","0","0"
"44","August-1-2023","Portugal","United States","Carole Costa","15","CB","33-090","90","0","0","0","0","0","0","1","0","49","0","0","0","0.0","0.0","0.0","1","0","29","42","69.0","1","32","0","0","0"
"45","August-1-2023","Portugal","United States","Diana Gomes","19","CB","25-006","90","0","0","0","0","1","0","1","0","57","1","3","2","0.0","0.0","0.0","0","0","25","42","59.5","3","32","0","1","0"
"46","August-1-2023","Portugal","United States","Ana Borges","9","RB","33-047","90","0","0","0","0","0","0","0","0","75","3","3","0","0.0","0.0","0.0","0","0","47","64","73.4","1","32","1","2","1"
"47","August-1-2023","Portugal","United States","Inês Pereira","1","GK","24-067","90","0","0","0","0","0","0","0","0","39","0","0","0","0.0","0.0","0.0","0","0","19","35","54.3","0","19","0","0","0"
"48","August-1-2023","United States","Portugal","Alex Morgan","13","FW","34-030","89","0","0","0","0","7","1","0","0","29","1","2","2","1.0","1.0","0.1","6","0","4","13","30.8","0","18","2","3","2"
"49","August-1-2023","United States","Portugal","Alyssa Thompson","7","FW","18-267","1","0","0","0","0","0","0","0","0","1","0","0","0","0.0","0.0","0.0","0","0","0","0","","0","1","0","0","0"
"50","August-1-2023","United States","Portugal","Sophia Smith","11","LW","22-356","60","0","0","0","0","1","0","1","0","32","4","0","3","0.0","0.0","0.2","1","0","8","15","53.3","0","17","1","3","0"
"51","August-1-2023","United States","Portugal","Megan Rapinoe","15","LW","38-027","30","0","0","0","0","1","0","0","0","32","2","1","0","0.1","0.1","0.3","4","0","10","28","35.7","3","21","4","1","1"
"52","August-1-2023","United States","Portugal","Lynn Williams","6","RW","30-072","83","0","0","0","0","6","4","0","0","40","3","1","1","0.9","0.9","0.2","2","0","11","20","55.0","1","20","1","3","2"
"53","August-1-2023","United States","Portugal","Trinity Rodman","20","RW","21-073","7","0","0","0","0","0","0","0","0","2","0","0","0","0.0","0.0","0.0","0","0","0","1","0.0","0","3","0","0","0"
"54","August-1-2023","United States","Portugal","Lindsey Horan","10","LM","29-067","83","0","0","0","0","0","0","0","0","53","1","2","1","0.0","0.0","0.3","4","0","23","36","63.9","7","25","2","3","1"
"55","August-1-2023","United States","Portugal","Emily Sonnett","14","LM","29-249","7","0","0","0","0","0","0","0","0","3","0","0","0","0.0","0.0","0.0","0","0","2","2","100.0","0","2","0","0","0"
"56","August-1-2023","United States","Portugal","Andi Sullivan","17","CM","27-224","90","0","0","0","0","0","0","0","0","39","5","5","1","0.0","0.0","0.1","2","0","15","22","68.2","2","14","0","1","0"
"57","August-1-2023","United States","Portugal","Rose Lavelle","16","RM","28-079","90","0","0","0","0","1","0","1","0","44","5","1","0","0.1","0.1","0.4","5","0","15","28","53.6","2","12","1","2","1"
"58","August-1-2023","United States","Portugal","Crystal Dunn","19","LB","31-029","89","0","0","0","0","0","0","0","0","69","2","3","0","0.0","0.0","0.0","1","0","43","58","74.1","9","32","0","2","2"
"59","August-1-2023","United States","Portugal","Kelley O'Hara","5","LB","34-362","1","0","0","0","0","0","0","0","0","4","0","0","0","0.0","0.0","0.0","0","0","2","4","50.0","0","1","0","0","0"
"60","August-1-2023","United States","Portugal","Naomi Girma","4","CB","23-048","90","0","0","0","0","0","0","1","0","42","1","2","0","0.0","0.0","0.0","1","0","28","35","80.0","5","21","1","0","0"
"61","August-1-2023","United States","Portugal","Julie Ertz","8","CB","31-117","90","0","0","0","0","1","0","0","0","39","0","0","1","0.1","0.1","0.0","0","0","19","34","55.9","2","23","0","0","0"
"62","August-1-2023","United States","Portugal","Emily Fox","23","RB","25-027","90","0","0","0","0","0","0","0","0","39","2","0","0","0.0","0.0","0.0","2","0","23","34","67.6","6","16","1","1","1"
"63","August-1-2023","United States","Portugal","Alyssa Naeher","1","GK","35-103","90","0","0","0","0","0","0","0","0","21","0","0","0","0.0","0.0","0.0","0","0","16","20","80.0","0","9","0","0","0"
"64","July-27-2023","United States","Netherlands","Alex Morgan","13","FW","34-025","90","0","0","0","0","2","0","0","0","42","3","0","0","0.1","0.1","0.0","2","0","19","34","55.9","4","23","1","2","1"
"65","July-27-2023","United States","Netherlands","Sophia Smith","11","LW","22-351","90","0","0","0","0","3","0","0","0","41","3","0","0","0.1","0.1","0.2","4","0","9","23","39.1","3","28","6","7","4"
"66","July-27-2023","United States","Netherlands","Trinity Rodman","20","RW","21-068","90","0","0","0","0","4","1","0","0","62","3","3","3","0.2","0.2","0.1","3","0","14","33","42.4","0","32","4","3","2"
"67","July-27-2023","United States","Netherlands","Lindsey Horan","10","LM","29-062","90","1","0","0","0","3","2","0","0","55","2","1","1","0.3","0.3","0.1","3","0","32","43","74.4","7","25","1","3","1"
"68","July-27-2023","United States","Netherlands","Andi Sullivan","17","CM","27-219","90","0","0","0","0","1","0","0","0","45","1","3","0","0.0","0.0","0.0","3","0","30","39","76.9","1","22","0","1","1"
"69","July-27-2023","United States","Netherlands","Savannah Demelo","9","RM","25-123","45","0","0","0","0","1","0","0","0","26","4","0","1","0.1","0.1","0.2","4","0","11","13","84.6","2","16","0","1","0"
"70","July-27-2023","United States","Netherlands","Rose Lavelle","16","RM","28-074","45","0","1","0","0","1","0","1","0","36","3","1","0","0.0","0.0","0.2","3","1","14","25","56.0","3","11","1","3","0"
"71","July-27-2023","United States","Netherlands","Crystal Dunn","19","LB","31-024","90","0","0","0","0","1","0","0","0","79","2","5","2","0.0","0.0","0.0","3","0","47","64","73.4","11","52","2","2","2"
"72","July-27-2023","United States","Netherlands","Naomi Girma","4","CB","23-043","90","0","0","0","0","0","0","0","0","46","0","0","0","0.0","0.0","0.0","0","0","29","42","69.0","4","24","0","0","0"
"73","July-27-2023","United States","Netherlands","Julie Ertz","8","CB","31-112","90","0","0","0","0","2","0","0","0","49","1","1","1","0.1","0.1","0.0","1","0","26","40","65.0","1","27","1","0","0"
"74","July-27-2023","United States","Netherlands","Emily Fox","23","RB","25-022","90","0","0","0","0","0","0","0","0","58","2","2","0","0.0","0.0","0.1","2","0","34","49","69.4","2","22","1","2","1"
"75","July-27-2023","United States","Netherlands","Alyssa Naeher","1","GK","35-098","90","0","0","0","0","0","0","0","0","22","0","0","0","0.0","0.0","0.0","0","0","18","22","81.8","0","14","0","0","0"
"76","July-27-2023","Netherlands","United States","Lieke Martens","11","FW","30-223","90","0","0","0","0","0","0","0","0","45","0","0","4","0.0","0.0","0.0","1","1","29","36","80.6","4","34","2","2","2"
"77","July-27-2023","Netherlands","United States","Katja Snoeijs","9","FW","26-330","70","0","0","0","0","0","0","0","0","14","0","0","0","0.0","0.0","0.0","0","0","10","13","76.9","0","8","0","0","0"
"78","July-27-2023","Netherlands","United States","Damaris Egurrola","21","CM,FW","23-335","20","0","0","0","0","1","0","0","0","22","1","1","1","0.1","0.1","0.0","1","0","7","13","53.8","0","9","0","0","0"
"79","July-27-2023","Netherlands","United States","Esmee Brugts","22","LW","19-364","90","0","0","0","0","2","0","0","0","63","3","6","1","0.2","0.2","0.0","1","0","33","39","84.6","2","32","0","6","3"
"80","July-27-2023","Netherlands","United States","Victoria Pelova","17","RW","24-054","86","0","1","0","0","0","0","0","0","77","1","1","0","0.0","0.0","0.0","3","1","55","68","80.9","1","45","3","6","2"
"81","July-27-2023","Netherlands","United States","Kerstin Casparij","18","RW","22-342","4","0","0","0","0","0","0","0","0","6","0","0","0","0.0","0.0","0.0","0","0","1","5","20.0","0","4","0","0","0"
"82","July-27-2023","Netherlands","United States","Daniëlle van de Donk","10","CM","31-356","90","0","0","0","0","0","0","0","0","67","4","0","7","0.0","0.0","0.0","0","0","29","46","63.0","3","38","1","2","1"
"83","July-27-2023","Netherlands","United States","Jill Roord","6","CM,FW","26-096","89","1","0","0","0","1","1","0","0","66","0","0","2","0.0","0.0","0.2","2","0","55","61","90.2","3","55","2","5","5"
"84","July-27-2023","Netherlands","United States","Renate Jansen","13","FW","32-232","1","0","0","0","0","0","0","0","0","0","0","0","0","0.0","0.0","0.0","0","0","0","0","","0","0","0","0","0"
"85","July-27-2023","Netherlands","United States","Jackie Groenen","14","DM","28-222","90","0","0","0","0","0","0","0","0","53","2","1","0","0.0","0.0","0.0","0","0","33","39","84.6","0","28","0","3","2"
"86","July-27-2023","Netherlands","United States","Dominique Janssen","20","CB","28-191","90","0","0","0","0","1","0","0","0","78","3","2","4","0.0","0.0","0.0","0","0","38","51","74.5","2","35","0","1","0"
"87","July-27-2023","Netherlands","United States","Stefanie van der Gragt","3","CB","30-345","45","0","0","0","0","0","0","0","0","38","1","0","1","0.0","0.0","0.0","0","0","25","30","83.3","0","23","0","0","0"
"88","July-27-2023","Netherlands","United States","Aniek Nouwen","4","CB","24-140","45","0","0","0","0","0","0","0","0","30","1","0","3","0.0","0.0","0.0","0","0","12","18","66.7","0","8","0","0","0"
"89","July-27-2023","Netherlands","United States","Sherida Spitse","8","CB","33-059","90","0","0","0","0","0","0","0","0","95","6","0","2","0.0","0.0","0.1","1","0","61","77","79.2","4","59","0","0","0"
"90","July-27-2023","Netherlands","United States","Daphne van Domselaar","1","GK","23-143","90","0","0","0","0","0","0","0","0","36","0","0","0","0.0","0.0","0.0","0","0","14","33","42.4","0","13","0","0","0"
"91","August-6-2023","Sweden","United States","Stina Blackstenius","11","FW","27-182","111","0","0","0","0","3","0","0","0","33","1","0","1","0.4","0.4","0.0","2","0","15","20","75.0","0","18","0","3","1"
"92","August-6-2023","Sweden","United States","Rebecka Blomqvist","15","FW","26-013","9","0","0","0","0","0","0","0","0","0","0","0","0","0.0","0.0","0.0","0","0","0","0","","0","0","0","0","0"
"93","August-6-2023","Sweden","United States","Fridolina Rolfö","18","LW,FW","29-255","120","0","0","0","0","1","0","0","0","66","4","0","2","0.1","0.1","0.0","4","0","30","44","68.2","4","32","1","2","1"
"94","August-6-2023","Sweden","United States","Johanna Rytting Kaneryd","19","RW","26-175","81","0","0","0","0","0","0","0","0","30","0","0","1","0.0","0.0","0.0","1","0","15","21","71.4","1","16","1","2","1"
"95","August-6-2023","Sweden","United States","Sofia Jakobsson","10","RW,RM","33-105","39","0","0","0","0","1","1","0","0","18","1","0","2","0.0","0.0","0.1","1","0","7","10","70.0","1","9","2","1","0"
"96","August-6-2023","Sweden","United States","Kosovare Asllani","9","AM","34-008","81","0","0","0","0","0","0","1","0","32","3","0","1","0.0","0.0","0.4","3","0","13","19","68.4","5","22","3","3","1"
"97","August-6-2023","Sweden","United States","Lina Hurtig","8","AM,LM","27-335","39","0","0","0","0","0","0","0","0","21","0","0","2","0.0","0.0","0.0","0","0","5","12","41.7","0","9","0","1","0"
"98","August-6-2023","Sweden","United States","Elin Rubensson","23","DM,CM","30-087","120","0","0","0","0","2","0","0","0","62","2","5","3","0.1","0.1","0.0","1","0","28","44","63.6","3","24","0","0","0"
"99","August-6-2023","Sweden","United States","Filippa Angeldahl","16","DM","26-023","96","0","0","0","0","2","0","0","0","57","2","1","1","0.0","0.0","0.0","0","0","20","39","51.3","5","28","2","4","1"
"100","August-6-2023","Sweden","United States","Hanna Bennison","20","CM,DM","20-294","24","0","0","0","0","0","0","0","0","12","0","0","0","0.0","0.0","0.0","0","0","4","8","50.0","0","7","0","1","0"
"101","August-6-2023","Sweden","United States","Jonna Andersson","2","LB","30-216","120","0","0","0","0","0","0","0","0","86","5","2","1","0.0","0.0","0.0","1","0","41","63","65.1","3","26","1","1","1"
"102","August-6-2023","Sweden","United States","Magdalena Eriksson","6","CB","29-332","120","0","0","0","0","0","0","0","0","55","1","1","1","0.0","0.0","0.0","0","0","32","41","78.0","3","27","0","0","0"
"103","August-6-2023","Sweden","United States","Amanda Ilestedt","13","CB","30-201","120","0","0","0","0","0","0","0","0","69","2","1","1","0.0","0.0","0.0","0","0","46","52","88.5","0","40","0","0","0"
"104","August-6-2023","Sweden","United States","Nathalie Björn","14","RB","26-094","120","0","0","0","0","0","0","0","0","88","2","0","0","0.0","0.0","0.0","0","0","61","79","77.2","7","47","1","0","0"
"105","August-6-2023","Sweden","United States","Zećira Mušović","1","GK","27-072","120","0","0","0","0","0","0","0","0","46","0","0","0","0.0","0.0","0.0","1","0","21","38","55.3","0","17","0","0","0"
"106","August-6-2023","United States","Sweden","Alex Morgan","13","FW","34-035","98","0","0","0","0","3","3","0","0","40","0","2","0","0.2","0.2","0.1","4","0","16","28","57.1","4","20","1","3","1"
"107","August-6-2023","United States","Sweden","Megan Rapinoe","15","FW","38-032","22","0","0","0","0","0","0","0","0","18","0","0","0","0.0","0.0","0.0","0","0","7","16","43.8","1","9","2","2","2"
"108","August-6-2023","United States","Sweden","Sophia Smith","11","LW","22-361","120","0","0","0","0","4","2","0","0","57","3","0","2","0.2","0.2","0.1","4","0","18","31","58.1","5","34","4","8","5"
"109","August-6-2023","United States","Sweden","Trinity Rodman","20","RW","21-078","65","0","0","0","0","3","2","0","0","41","0","1","1","0.1","0.1","0.0","3","0","22","29","75.9","1","22","3","7","5"
"110","August-6-2023","United States","Sweden","Lynn Williams","6","RW","30-077","55","0","0","0","0","3","2","0","0","35","2","0","1","0.2","0.2","0.2","7","0","13","22","59.1","3","18","4","4","2"
"111","August-6-2023","United States","Sweden","Lindsey Horan","10","AM","29-072","120","0","0","0","0","4","1","0","0","87","2","2","3","0.4","0.4","0.0","5","0","43","68","63.2","12","48","4","2","1"
"112","August-6-2023","United States","Sweden","Andi Sullivan","17","DM","27-229","120","0","0","0","0","2","0","0","0","82","8","2","0","0.1","0.1","0.2","4","0","49","65","75.4","7","33","0","4","3"
"113","August-6-2023","United States","Sweden","Emily Sonnett","14","DM","29-254","119","0","0","0","0","1","0","0","0","80","2","2","2","0.0","0.0","0.0","1","0","57","64","89.1","6","35","0","2","2"
"114","August-6-2023","United States","Sweden","Kristie Mewis","22","DM","32-162","1","0","0","0","0","0","0","0","0","0","0","0","0","0.0","0.0","0.0","0","0","0","0","","0","0","0","0","0"
"115","August-6-2023","United States","Sweden","Crystal Dunn","19","LB","31-034","120","0","0","0","0","0","0","0","0","70","3","0","3","0.0","0.0","0.0","0","0","47","56","83.9","8","26","0","6","3"
"116","August-6-2023","United States","Sweden","Naomi Girma","4","CB","23-053","120","0","0","0","0","0","0","0","0","108","2","1","0","0.0","0.0","0.0","1","0","74","99","74.7","7","70","1","0","0"
"117","August-6-2023","United States","Sweden","Julie Ertz","8","CB","31-122","120","0","0","0","0","2","1","1","0","74","1","0","6","0.0","0.0","0.0","0","0","47","59","79.7","1","41","0","1","1"
"118","August-6-2023","United States","Sweden","Emily Fox","23","RB","25-032","119","0","0","0","0","0","0","0","0","118","0","1","1","0.0","0.0","0.1","4","0","86","109","78.9","7","62","2","3","1"
"119","August-6-2023","United States","Sweden","Kelley O'Hara","5","RB","35-002","1","0","0","0","0","0","0","0","0","3","0","0","0","0.0","0.0","0.0","0","0","1","3","33.3","0","0","0","0","0"
"120","August-6-2023","United States","Sweden","Alyssa Naeher","1","GK","35-108","120","0","0","0","0","0","0","0","0","23","0","0","0","0.0","0.0","0.0","0","0","18","22","81.8","0","9","0","0","0"
"121","July-27-2023","Portugal","Vietnam","Telma Encarnação","23","FW","21-289","74","1","1","0","0","7","4","0","0","50","2","0","3","1.8","1.8","0.6","5","1","22","34","64.7","3","36","1","2","1"
"122","July-27-2023","Portugal","Vietnam","Carolina Mendes","18","FW","35-242","16","0","0","0","0","1","0","0","0","9","0","0","1","0.2","0.2","0.0","0","0","4","5","80.0","2","3","0","1","1"
"123","July-27-2023","Portugal","Vietnam","Jéssica Silva","10","FW","28-228","68","0","0","0","0","5","1","0","0","40","1","0","2","0.7","0.7","1.3","7","0","11","17","64.7","1","29","1","8","5"
"124","July-27-2023","Portugal","Vietnam","Andreia Norton","8","AM","26-346","22","0","0","0","0","1","0","0","0","21","0","0","0","0.0","0.0","0.0","1","0","12","16","75.0","0","15","2","5","3"
"125","July-27-2023","Portugal","Vietnam","Kika Nazareth","20","AM","20-252","68","1","0","0","0","4","2","0","0","50","0","0","2","1.4","1.4","0.7","7","0","31","41","75.6","9","38","3","6","4"
"126","July-27-2023","Portugal","Vietnam","Ana Capeta","21","FW","25-217","22","0","0","0","0","0","0","0","0","9","0","0","0","0.0","0.0","0.0","1","0","6","9","66.7","0","6","1","0","0"
"127","July-27-2023","Portugal","Vietnam","Tatiana Pinto","11","CM","29-121","90","0","0","0","0","0","0","0","0","73","1","0","2","0.0","0.0","0.0","0","0","52","58","89.7","7","50","2","1","0"
"128","July-27-2023","Portugal","Vietnam","Andreia Jacinto","6","CM","21-049","89","0","0","0","0","4","0","0","0","70","3","0","0","0.1","0.1","0.6","6","1","47","56","83.9","8","50","1","2","1"
"129","July-27-2023","Portugal","Vietnam","Ana Rute","7","CM","25-179","1","0","0","0","0","1","0","0","0","3","0","0","0","0.1","0.1","0.0","1","0","0","1","0.0","0","1","0","0","0"
"130","July-27-2023","Portugal","Vietnam","Joana Marchão","5","WB","26-276","90","0","0","0","0","2","0","0","0","77","1","0","1","0.1","0.1","0.0","6","1","51","69","73.9","10","42","4","2","2"
"131","July-27-2023","Portugal","Vietnam","Lúcia Alves","3","WB","25-278","90","0","1","0","0","2","2","0","0","69","2","1","2","0.4","0.4","0.6","8","1","37","48","77.1","3","32","1","2","1"
"132","July-27-2023","Portugal","Vietnam","Ana Seiça","17","CB","22-124","89","0","0","0","0","0","0","0","0","93","3","3","0","0.0","0.0","0.1","5","0","63","80","78.8","9","68","0","1","1"
"133","July-27-2023","Portugal","Vietnam","Sílvia Rebelo","4","CB","34-068","1","0","0","0","0","0","0","0","0","2","0","0","0","0.0","0.0","0.0","0","0","1","1","100.0","0","1","0","0","0"
"134","July-27-2023","Portugal","Vietnam","Carole Costa","15","CB","33-085","90","0","0","0","0","2","0","0","0","96","0","0","0","0.0","0.0","0.0","2","0","89","94","94.7","18","84","2","0","0"
"135","July-27-2023","Portugal","Vietnam","Ana Borges","9","CB","33-042","90","0","0","0","0","0","0","1","0","79","1","0","0","0.0","0.0","0.2","4","0","68","74","91.9","12","57","0","3","3"
"136","July-27-2023","Portugal","Vietnam","Patrícia Morais","12","GK","31-040","90","0","0","0","0","0","0","0","0","16","0","0","0","0.0","0.0","0.0","0","0","14","15","93.3","0","13","0","0","0"
"137","July-27-2023","Vietnam","Portugal","Huỳnh Như","9","FW","31-241","71","0","0","0","0","0","0","0","0","31","0","0","0","0.0","0.0","0.0","3","0","15","21","71.4","3","19","1","2","1"
"138","July-27-2023","Vietnam","Portugal","Phạm Hải Yến","12","FW","28-260","19","0","0","0","0","1","0","0","0","10","0","0","1","0.1","0.1","0.0","0","0","2","4","50.0","0","5","0","0","0"
"139","July-27-2023","Vietnam","Portugal","Nguyễn Thị Thanh Nhã","19","LM,RM","21-305","90","0","0","0","0","1","0","0","0","31","2","1","0","0.0","0.0","0.0","1","0","6","11","54.5","1","19","0","4","0"
"140","July-27-2023","Vietnam","Portugal","Thái Thị Thảo","11","CM","28-165","90","0","0","0","0","1","0","0","0","52","5","0","2","0.0","0.0","0.0","1","0","18","38","47.4","2","24","0","0","0"
"141","July-27-2023","Vietnam","Portugal","Dương Thị Vân","16","CM","28-310","63","0","0","0","0","0","0","0","0","25","0","2","0","0.0","0.0","0.0","1","0","14","16","87.5","2","12","0","1","0"
"142","July-27-2023","Vietnam","Portugal","Trần Thị Hải Linh","10","CM","22-049","27","0","0","0","0","0","0","0","0","11","0","0","1","0.0","0.0","0.0","0","0","6","8","75.0","0","8","0","0","0"
"143","July-27-2023","Vietnam","Portugal","Nguyễn Thị Bích Thùy","23","RM","29-087","63","0","0","0","0","2","1","0","0","31","0","2","1","0.1","0.1","0.0","0","0","8","17","47.1","0","20","1","4","3"
"144","July-27-2023","Vietnam","Portugal","Ngân Thị Vạn Sự","21","LM","22-089","27","0","0","0","0","0","0","0","0","10","0","0","0","0.0","0.0","0.1","1","0","5","7","71.4","0","10","0","2","1"
"145","July-27-2023","Vietnam","Portugal","Hoàng Thị Loan","5","LB","28-171","90","0","0","0","0","0","0","0","0","49","3","0","1","0.0","0.0","0.0","1","0","22","36","61.1","0","17","0","0","0"
"146","July-27-2023","Vietnam","Portugal","Trần Thị Thu","4","CB","32-012","90","0","0","0","0","0","0","0","0","33","2","3","3","0.0","0.0","0.0","0","0","7","21","33.3","1","11","0","0","0"
"147","July-27-2023","Vietnam","Portugal","Lê Thị Diễm My","13","CB","26-338","90","0","0","0","0","0","0","0","0","34","3","0","3","0.0","0.0","0.0","0","0","10","17","58.8","0","16","0","1","0"
"148","July-27-2023","Vietnam","Portugal","Lương Thị Thu Thương","2","CB","23-087","71","0","0","0","0","0","0","0","0","17","1","1","1","0.0","0.0","0.0","0","0","3","6","50.0","1","5","0","0","0"
"149","July-27-2023","Vietnam","Portugal","Chương Thị Kiều","3","CB","27-342","19","0","0","0","0","0","0","0","0","8","0","0","0","0.0","0.0","0.0","0","0","1","4","25.0","1","3","0","0","0"
"150","July-27-2023","Vietnam","Portugal","Trần Thị Thu Thảo","17","RB","30-193","90","0","0","0","0","0","0","0","0","51","2","6","1","0.0","0.0","0.0","2","0","28","37","75.7","4","28","0","0","0"
"151","July-27-2023","Vietnam","Portugal","Trần Thị Kim Thanh","14","GK","29-312","90","0","0","0","0","0","0","0","0","38","1","0","0","0.0","0.0","0.0","0","0","19","32","59.4","0","6","0","0","0"
"152","August-1-2023","Vietnam","Netherlands","Phạm Hải Yến","12","FW","28-265","59","0","0","0","0","0","0","0","0","35","0","0","1","0.0","0.0","0.0","1","0","23","25","92.0","3","16","0","0","0"
"153","August-1-2023","Vietnam","Netherlands","Huỳnh Như","9","FW","31-246","31","0","0","0","0","0","0","0","0","20","0","1","0","0.0","0.0","0.1","0","0","8","14","57.1","1","11","0","1","0"
"154","August-1-2023","Vietnam","Netherlands","Nguyễn Thị Thanh Nhã","19","LM","21-310","90","0","0","0","0","0","0","0","0","41","4","1","2","0.0","0.0","0.3","2","0","10","20","50.0","1","19","2","1","0"
"155","August-1-2023","Vietnam","Netherlands","Trần Thị Hải Linh","10","CM","22-054","90","0","0","0","0","2","0","0","0","27","1","1","2","0.1","0.1","0.0","1","0","13","16","81.3","0","16","0","0","0"
"156","August-1-2023","Vietnam","Netherlands","Dương Thị Vân","16","CM","28-315","90","0","0","0","0","0","0","1","0","40","2","4","0","0.0","0.0","0.0","1","0","15","22","68.2","3","24","1","3","2"
"157","August-1-2023","Vietnam","Netherlands","Nguyễn Thị Bích Thùy","23","RM","29-092","59","0","0","0","0","2","1","0","0","29","0","1","0","0.3","0.3","0.0","1","0","13","22","59.1","0","22","0","1","0"
"158","August-1-2023","Vietnam","Netherlands","Nguyễn Thị Tuyết Dung","7","RM","29-231","31","0","0","0","0","0","0","0","0","18","2","0","0","0.0","0.0","0.0","0","0","9","14","64.3","0","12","0","1","0"
"159","August-1-2023","Vietnam","Netherlands","Hoàng Thị Loan","5","LB","28-176","27","0","0","0","0","0","0","0","0","14","0","0","0","0.0","0.0","0.0","1","0","6","11","54.5","1","9","0","0","0"
"160","August-1-2023","Vietnam","Netherlands","Nguyễn Thị Mỹ Anh","22","LB","28-247","63","0","0","0","0","0","0","0","0","44","2","0","0","0.0","0.0","0.0","2","0","20","34","58.8","1","17","2","2","0"
"161","August-1-2023","Vietnam","Netherlands","Trần Thị Thu","4","CB","32-017","90","0","0","0","0","1","0","0","0","26","2","3","2","0.0","0.0","0.0","0","0","6","17","35.3","0","13","0","0","0"
"162","August-1-2023","Vietnam","Netherlands","Lê Thị Diễm My","13","CB","26-343","90","0","0","0","0","0","0","0","0","49","6","3","4","0.0","0.0","0.0","0","0","17","32","53.1","1","21","0","0","0"
"163","August-1-2023","Vietnam","Netherlands","Lương Thị Thu Thương","2","CB","23-092","27","0","0","0","0","0","0","0","0","6","0","0","2","0.0","0.0","0.0","0","0","0","1","0.0","0","0","0","0","0"
"164","August-1-2023","Vietnam","Netherlands","Chương Thị Kiều","3","CB","27-347","63","0","0","0","0","0","0","0","0","20","1","0","2","0.0","0.0","0.0","0","0","3","9","33.3","0","5","0","0","0"
"165","August-1-2023","Vietnam","Netherlands","Trần Thị Thu Thảo","17","RB","30-198","90","0","0","0","0","0","0","0","0","52","2","1","2","0.0","0.0","0.0","1","0","33","39","84.6","3","22","1","0","0"
"166","August-1-2023","Vietnam","Netherlands","Trần Thị Kim Thanh","14","GK","29-317","45","0","0","0","0","0","0","0","0","17","0","0","0","0.0","0.0","0.0","0","0","8","15","53.3","0","6","0","0","0"
"167","August-1-2023","Vietnam","Netherlands","Khổng Thị Hằng","20","GK","29-295","45","0","0","0","0","0","0","0","0","21","0","0","0","0.0","0.0","0.0","0","0","8","20","40.0","0","8","0","0","0"
"168","August-1-2023","Netherlands","Vietnam","Lieke Martens","11","FW","30-228","90","1","1","0","0","11","5","0","0","79","1","0","0","1.5","1.5","0.1","8","1","38","56","67.9","3","54","4","11","5"
"169","August-1-2023","Netherlands","Vietnam","Katja Snoeijs","9","FW","26-335","90","1","0","0","0","2","2","0","0","40","1","0","1","0.5","0.5","0.3","5","0","26","29","89.7","3","20","2","3","1"
"170","August-1-2023","Netherlands","Vietnam","Esmee Brugts","22","LW","20-004","79","2","0","0","0","3","2","0","0","56","2","0","1","0.1","0.1","0.7","4","0","36","43","83.7","3","33","2","2","2"
"171","August-1-2023","Netherlands","Vietnam","Merel van Dongen","5","LW","30-171","11","0","0","0","0","0","0","0","0","14","0","0","1","0.0","0.0","0.2","1","0","7","11","63.6","0","7","0","0","0"
"172","August-1-2023","Netherlands","Vietnam","Victoria Pelova","17","RW","24-059","45","0","0","0","0","1","0","0","0","36","1","0","1","0.0","0.0","0.4","4","0","25","28","89.3","3","18","1","1","0"
"173","August-1-2023","Netherlands","Vietnam","Kerstin Casparij","18","RW","22-347","45","0","0","0","0","1","0","0","0","48","1","0","0","0.1","0.1","0.0","2","0","31","40","77.5","4","30","1","2","1"
"174","August-1-2023","Netherlands","Vietnam","Daniëlle van de Donk","10","CM","31-361","45","1","1","0","0","2","2","0","0","39","0","0","1","0.6","0.6","0.8","4","1","27","30","90.0","7","29","1","2","1"
"175","August-1-2023","Netherlands","Vietnam","Wieke Kaptein","19","CM","17-337","45","0","0","0","0","1","0","0","0","43","2","0","0","0.0","0.0","0.1","4","0","34","39","87.2","3","35","0","2","2"
"176","August-1-2023","Netherlands","Vietnam","Jill Roord","6","CM","26-101","90","2","0","0","0","13","5","0","0","85","3","0","2","1.9","1.9","0.3","11","1","55","61","90.2","6","65","6","6","2"
"177","August-1-2023","Netherlands","Vietnam","Jackie Groenen","14","DM","28-227","61","0","0","0","0","0","0","0","0","63","0","1","0","0.0","0.0","0.1","2","0","54","61","88.5","9","45","3","1","1"
"178","August-1-2023","Netherlands","Vietnam","Damaris Egurrola","21","DM","23-340","29","0","0","0","0","2","0","0","0","52","0","1","1","0.2","0.2","0.1","1","0","38","45","84.4","2","36","0","1","1"
"179","August-1-2023","Netherlands","Vietnam","Dominique Janssen","20","CB","28-196","90","0","1","0","0","2","0","0","0","111","0","1","2","0.0","0.0","0.4","7","5","89","102","87.3","14","85","6","1","1"
"180","August-1-2023","Netherlands","Vietnam","Stefanie van der Gragt","3","CB","30-350","90","0","1","0","0","3","1","0","0","97","2","0","0","0.3","0.3","0.5","6","1","80","89","89.9","15","71","2","0","0"
"181","August-1-2023","Netherlands","Vietnam","Sherida Spitse","8","CB","33-064","72","0","0","0","0","1","0","0","0","106","0","0","0","0.0","0.0","0.3","11","2","86","102","84.3","17","72","4","1","1"
"182","August-1-2023","Netherlands","Vietnam","Caitlin Dijkstra","15","CB","24-183","18","0","0","0","0","0","0","0","0","18","0","0","0","0.0","0.0","0.1","1","0","13","17","76.5","1","14","1","1","1"
"183","August-1-2023","Netherlands","Vietnam","Daphne van Domselaar","1","GK","23-148","90","0","0","0","0","0","0","0","0","11","0","0","0","0.0","0.0","0.0","0","0","10","11","90.9","0","5","0","0","0"
"184","July-23-2023","Netherlands","Portugal","Lieke Martens","11","FW","30-219","90","0","0","0","0","3","1","0","0","62","5","1","4","0.1","0.1","0.2","3","0","34","44","77.3","2","43","4","2","2"
"185","July-23-2023","Netherlands","Portugal","Lineth Beerensteyn","7","FW","26-285","86","0","0","0","0","4","1","0","0","24","0","0","1","0.3","0.3","0.0","2","1","7","13","53.8","0","20","3","3","1"
"186","July-23-2023","Netherlands","Portugal","Katja Snoeijs","9","FW","26-326","4","0","0","0","0","0","0","0","0","5","2","0","0","0.0","0.0","0.1","0","0","3","3","100.0","0","2","0","0","0"
"187","July-23-2023","Netherlands","Portugal","Esmee Brugts","22","LW,WB","19-360","90","0","0","0","0","1","0","0","0","78","6","2","1","0.0","0.0","0.0","1","0","40","59","67.8","2","34","1","2","0"
"188","July-23-2023","Netherlands","Portugal","Victoria Pelova","17","RW,WB","24-050","89","0","0","0","0","0","0","0","0","64","2","3","3","0.0","0.0","0.0","2","0","39","47","83.0","1","37","1","6","4"
"189","July-23-2023","Netherlands","Portugal","Kerstin Casparij","18","WB","22-338","1","0","0","0","0","0","0","0","0","3","0","0","0","0.0","0.0","0.0","1","0","3","3","100.0","0","0","0","0","0"
"190","July-23-2023","Netherlands","Portugal","Daniëlle van de Donk","10","CM","31-352","79","0","0","0","0","2","2","1","0","61","2","2","4","0.5","0.5","0.0","1","0","32","42","76.2","7","34","0","2","1"
"191","July-23-2023","Netherlands","Portugal","Damaris Egurrola","21","DM","23-331","11","0","0","0","0","0","0","0","0","10","0","1","1","0.0","0.0","0.0","0","0","5","7","71.4","1","5","0","0","0"
"192","July-23-2023","Netherlands","Portugal","Jill Roord","6","CM,DM","26-092","90","0","0","0","0","1","0","0","0","60","7","0","1","0.6","0.6","0.0","1","0","34","45","75.6","3","43","0","0","0"
"193","July-23-2023","Netherlands","Portugal","Jackie Groenen","14","DM","28-218","90","0","0","0","0","0","0","0","0","45","8","2","2","0.0","0.0","0.1","1","0","27","30","90.0","3","21","0","1","0"
"194","July-23-2023","Netherlands","Portugal","Dominique Janssen","20","CB","28-187","90","0","0","0","0","0","0","0","0","58","1","0","1","0.0","0.0","0.0","0","0","30","47","63.8","1","28","1","0","0"
"195","July-23-2023","Netherlands","Portugal","Stefanie van der Gragt","3","CB","30-341","90","1","0","0","0","1","1","0","0","51","0","0","0","0.1","0.1","0.0","2","0","31","40","77.5","1","26","0","0","0"
"196","July-23-2023","Netherlands","Portugal","Sherida Spitse","8","CB","33-055","90","0","1","0","0","0","0","0","0","57","1","1","0","0.0","0.0","0.7","5","1","40","50","80.0","5","33","0","1","1"
"197","July-23-2023","Netherlands","Portugal","Daphne van Domselaar","1","GK","23-139","90","0","0","0","0","0","0","0","0","22","0","0","0","0.0","0.0","0.0","0","0","9","21","42.9","0","13","0","0","0"
"198","July-23-2023","Portugal","Netherlands","Diana Silva","16","FW","28-049","78","0","0","0","0","0","0","0","0","29","1","0","0","0.0","0.0","0.0","0","0","10","22","45.5","2","27","1","0","0"
"199","July-23-2023","Portugal","Netherlands","Telma Encarnação","23","FW","21-285","12","0","0","0","0","1","1","0","0","7","0","0","0","0.1","0.1","0.0","2","0","1","4","25.0","0","4","1","1","1"
"200","July-23-2023","Portugal","Netherlands","Jéssica Silva","10","FW","28-224","90","0","0","0","0","0","0","1","0","52","3","0","2","0.0","0.0","0.0","0","0","15","28","53.6","3","36","1","6","3"
"201","July-23-2023","Portugal","Netherlands","Andreia Norton","8","AM","26-342","78","0","0","0","0","0","0","0","0","44","0","1","0","0.0","0.0","0.0","0","0","19","26","73.1","1","35","0","5","1"
"202","July-23-2023","Portugal","Netherlands","Andreia Jacinto","6","AM","21-045","12","0","0","0","0","0","0","0","0","2","0","0","0","0.0","0.0","0.0","0","0","1","2","50.0","0","0","0","0","0"
"203","July-23-2023","Portugal","Netherlands","Fátima Pinto","13","LM","27-188","90","0","0","0","0","1","0","0","0","36","2","0","2","0.0","0.0","0.0","0","0","16","24","66.7","1","13","0","1","0"
"204","July-23-2023","Portugal","Netherlands","Dolores Silva","14","CM","31-350","67","0","0","0","0","0","0","0","0","30","2","0","1","0.0","0.0","0.0","0","0","15","25","60.0","3","12","0","0","0"
"205","July-23-2023","Portugal","Netherlands","Kika Nazareth","20","CM","20-248","23","0","0","0","0","0","0","0","0","20","4","1","0","0.0","0.0","0.0","0","0","8","14","57.1","0","15","0","0","0"
"206","July-23-2023","Portugal","Netherlands","Tatiana Pinto","11","RM","29-117","90","0","0","0","0","0","0","0","0","56","4","0","0","0.0","0.0","0.0","0","0","31","47","66.0","2","22","0","2","2"
"207","July-23-2023","Portugal","Netherlands","Catarina Amado","2","LB","24-002","77","0","0","0","0","0","0","0","0","55","5","2","3","0.0","0.0","0.0","0","0","29","44","65.9","2","23","0","2","1"
"208","July-23-2023","Portugal","Netherlands","Lúcia Alves","3","LB","25-274","13","0","0","0","0","0","0","0","0","9","3","0","1","0.0","0.0","0.0","0","0","2","3","66.7","1","4","1","0","0"
"209","July-23-2023","Portugal","Netherlands","Diana Gomes","19","CB","24-362","90","0","0","0","0","0","0","1","0","40","0","1","1","0.0","0.0","0.0","0","0","20","33","60.6","2","28","0","1","0"
"210","July-23-2023","Portugal","Netherlands","Carole Costa","15","CB","33-081","90","0","0","0","0","0","0","0","0","23","0","2","2","0.0","0.0","0.0","0","0","11","17","64.7","0","11","0","0","0"
"211","July-23-2023","Portugal","Netherlands","Ana Borges","9","RB","33-038","90","0","0","0","0","0","0","0","0","65","4","3","0","0.0","0.0","0.1","1","0","35","54","64.8","4","31","1","1","0"
"212","July-23-2023","Portugal","Netherlands","Inês Pereira","1","GK","24-058","90","0","0","0","0","0","0","0","0","24","0","0","0","0.0","0.0","0.0","0","0","15","23","65.2","0","11","0","0","0"
"213","August-6-2023","Netherlands","South Africa","Lieke Martens","11","FW","30-233","89","0","1","0","0","4","1","0","0","64","2","0","2","0.2","0.2","0.1","7","2","35","49","71.4","8","36","4","1","1"
"214","August-6-2023","Netherlands","South Africa","Jill Baijings","12","FW","22-164","1","0","0","0","0","0","0","0","0","4","0","0","0","0.0","0.0","0.0","0","0","1","2","50.0","0","0","0","0","0"
"215","August-6-2023","Netherlands","South Africa","Lineth Beerensteyn","7","FW","26-299","90","1","0","0","0","2","1","0","0","32","0","0","0","0.1","0.1","0.1","3","0","14","21","66.7","0","20","2","1","0"
"216","August-6-2023","Netherlands","South Africa","Esmee Brugts","22","LW","20-009","88","0","0","0","0","2","2","0","0","104","3","2","0","0.1","0.1","0.1","3","0","74","89","83.1","4","65","1","6","1"
"217","August-6-2023","Netherlands","South Africa","Kerstin Casparij","18","LW","22-352","2","0","0","0","0","0","0","0","0","8","1","0","0","0.0","0.0","0.0","0","0","2","7","28.6","0","5","0","0","0"
"218","August-6-2023","Netherlands","South Africa","Victoria Pelova","17","RW","24-064","88","0","0","0","0","0","0","0","0","67","2","1","0","0.0","0.0","0.0","1","1","47","59","79.7","3","49","4","4","3"
"219","August-6-2023","Netherlands","South Africa","Lynn Wilms","2","RW","22-307","2","0","0","0","0","0","0","0","0","3","0","0","0","0.0","0.0","0.0","0","0","1","2","50.0","0","1","0","0","0"
"220","August-6-2023","Netherlands","South Africa","Daniëlle van de Donk","10","CM","32-001","75","0","0","0","0","2","1","1","0","65","3","1","2","0.2","0.2","0.1","5","0","40","52","76.9","7","33","2","2","1"
"221","August-6-2023","Netherlands","South Africa","Damaris Egurrola","21","CM","23-345","15","0","0","0","0","0","0","0","0","31","2","0","0","0.0","0.0","0.0","0","0","17","25","68.0","5","10","0","1","0"
"222","August-6-2023","Netherlands","South Africa","Jill Roord","6","CM","26-106","89","1","0","0","0","3","1","0","0","69","7","2","1","1.1","1.1","0.0","1","0","47","51","92.2","3","39","1","0","0"
"223","August-6-2023","Netherlands","South Africa","Katja Snoeijs","9","CM","26-340","1","0","0","0","0","0","0","0","0","0","0","0","0","0.0","0.0","0.0","0","0","0","0","","0","0","0","0","0"
"224","August-6-2023","Netherlands","South Africa","Jackie Groenen","14","DM","28-232","90","0","0","0","0","0","0","0","0","75","4","1","2","0.0","0.0","0.0","0","0","56","62","90.3","3","42","0","1","0"
"225","August-6-2023","Netherlands","South Africa","Dominique Janssen","20","CB","28-201","90","0","0","0","0","1","0","0","0","112","0","1","1","0.0","0.0","0.0","0","0","90","106","84.9","13","87","0","0","0"
"226","August-6-2023","Netherlands","South Africa","Stefanie van der Gragt","3","CB","30-355","90","0","0","0","0","0","0","0","0","83","3","1","0","0.0","0.0","0.0","1","0","69","76","90.8","2","63","0","0","0"
"227","August-6-2023","Netherlands","South Africa","Sherida Spitse","8","CB","33-069","90","0","0","0","0","0","0","0","0","98","3","3","0","0.0","0.0","0.1","3","0","66","89","74.2","5","65","0","1","0"
"228","August-6-2023","Netherlands","South Africa","Daphne van Domselaar","1","GK","23-153","90","0","0","0","0","0","0","0","0","23","0","0","0","0.0","0.0","0.0","0","0","14","18","77.8","0","8","0","0","0"
"229","August-6-2023","South Africa","Netherlands","Thembi Kgatlana","11","FW","27-096","90","0","0","0","0","7","5","0","0","34","0","0","0","0.9","0.9","0.0","6","0","10","13","76.9","1","21","5","13","7"
"230","August-6-2023","South Africa","Netherlands","Hildah Magaia","8","LW,RW","28-233","89","0","0","0","0","0","0","0","0","40","1","2","1","0.0","0.0","0.0","3","0","12","27","44.4","0","27","1","6","3"
"231","August-6-2023","South Africa","Netherlands","Noxolo Cesane","6","RW","22-299","1","0","0","0","0","0","0","0","0","0","0","0","0","0.0","0.0","0.0","0","0","0","0","","0","0","0","0","0"
"232","August-6-2023","South Africa","Netherlands","Jermaine Seoposenwe","12","RW","29-298","29","0","0","0","0","0","0","0","0","10","1","0","0","0.0","0.0","0.2","2","0","4","7","57.1","2","9","2","1","1"
"233","August-6-2023","South Africa","Netherlands","Wendy Shongwe","23","RW,LW","20-200","61","0","0","0","0","2","1","0","0","25","2","0","1","0.0","0.0","0.0","1","0","12","15","80.0","3","17","2","2","0"
"234","August-6-2023","South Africa","Netherlands","Linda Motlhalo","10","AM","25-036","89","0","0","0","0","2","1","0","0","31","1","0","0","0.2","0.2","0.2","4","0","14","21","66.7","3","17","0","1","1"
"235","August-6-2023","South Africa","Netherlands","Melinda Kgadiete","17","AM","31-016","1","0","0","0","0","0","0","0","0","1","0","0","0","0.0","0.0","0.0","0","0","0","0","","0","1","0","0","0"
"236","August-6-2023","South Africa","Netherlands","Kholosa Biyana","19","DM","28-334","90","0","0","0","0","2","0","0","0","52","2","0","3","0.0","0.0","0.7","3","0","24","40","60.0","5","31","0","6","2"
"237","August-6-2023","South Africa","Netherlands","Bongeka Gamede","3","DM","24-076","90","0","0","0","0","0","0","0","0","48","2","1","3","0.0","0.0","0.0","2","0","18","29","62.1","1","26","0","7","3"
"238","August-6-2023","South Africa","Netherlands","Karabo Dhlamini","7","LB","21-322","90","0","0","0","0","0","0","0","0","41","1","1","1","0.0","0.0","0.0","1","0","22","33","66.7","3","19","0","1","0"
"239","August-6-2023","South Africa","Netherlands","Noko Matlou","4","CB","37-310","90","0","0","0","0","0","0","0","0","35","2","2","2","0.0","0.0","0.0","1","0","8","21","38.1","1","8","0","0","0"
"240","August-6-2023","South Africa","Netherlands","Bambanani Mbane","13","CB","33-147","41","0","0","0","0","0","0","0","0","19","2","1","0","0.0","0.0","0.0","0","0","9","14","64.3","0","8","0","0","0"
"241","August-6-2023","South Africa","Netherlands","Tiisetso Makhubela","14","CB","26-104","49","0","0","0","0","0","0","0","0","32","0","3","0","0.0","0.0","0.0","1","0","17","23","73.9","2","14","0","0","0"
"242","August-6-2023","South Africa","Netherlands","Lebohang Ramalepe","2","RB","31-246","90","0","0","0","0","0","0","0","0","49","4","3","3","0.0","0.0","0.0","0","0","22","33","66.7","1","20","0","3","2"
"243","August-6-2023","South Africa","Netherlands","Kaylin Swart","1","GK","28-310","90","0","0","0","0","0","0","0","0","35","0","0","0","0.0","0.0","0.0","0","0","15","32","46.9","0","20","0","0","0"
"244","August-11-2023","Spain","Netherlands","Esther González","9","FW","30-246","99","0","0","0","0","4","2","0","0","50","1","0","0","0.5","0.5","0.1","6","0","27","34","79.4","4","36","2","4","2"
"245","August-11-2023","Spain","Netherlands","Eva Navarro","15","RW","22-196","21","0","0","0","0","2","0","0","0","15","0","0","0","0.3","0.3","0.1","5","0","7","8","87.5","0","11","0","1","0"
"246","August-11-2023","Spain","Netherlands","Mariona Caldentey","8","LW","27-145","99","1","0","1","1","3","1","0","0","94","4","1","4","0.9","0.1","0.6","11","0","50","70","71.4","6","57","8","10","9"
"247","August-11-2023","Spain","Netherlands","Alexia Putellas","11","LM","29-188","21","0","0","0","0","1","0","0","0","19","1","0","0","0.0","0.0","0.0","0","0","10","12","83.3","3","11","1","2","0"
"248","August-11-2023","Spain","Netherlands","Alba Redondo","17","RW","26-349","70","0","0","0","0","4","1","0","0","35","2","0","1","1.1","1.1","0.0","2","0","10","21","47.6","1","15","0","2","0"
"249","August-11-2023","Spain","Netherlands","Salma Paralluelo","18","RW,LW","19-271","50","1","0","0","0","2","1","0","0","30","2","1","0","0.2","0.2","0.2","1","0","16","21","76.2","2","18","2","1","1"
"250","August-11-2023","Spain","Netherlands","Jennifer Hermoso","10","LM,FW","33-094","120","0","1","0","0","4","0","0","0","96","3","0","2","0.1","0.1","0.5","5","1","62","72","86.1","13","59","3","6","4"
"251","August-11-2023","Spain","Netherlands","Teresa Abelleira","3","CM","23-214","120","0","0","0","0","2","2","0","0","98","5","3","0","0.1","0.1","0.2","5","0","54","78","69.2","8","37","1","2","2"
"252","August-11-2023","Spain","Netherlands","Aitana Bonmatí","6","RM","25-205","86","0","0","0","0","1","0","0","0","52","4","0","4","0.0","0.0","0.2","1","0","30","42","71.4","3","29","2","0","0"
"253","August-11-2023","Spain","Netherlands","Irene Guerrero","7","RM","26-242","34","0","0","0","0","1","0","0","0","45","1","3","1","0.0","0.0","0.0","1","0","30","38","78.9","3","17","2","2","2"
"254","August-11-2023","Spain","Netherlands","Ona Batlle","2","LB,RB","24-062","120","0","0","0","0","1","0","0","0","135","5","2","3","0.0","0.0","0.0","6","0","85","111","76.6","11","57","8","2","0"
"255","August-11-2023","Spain","Netherlands","Laia Codina","14","CB","23-201","76","0","0","0","0","0","0","0","0","38","0","3","0","0.0","0.0","0.0","0","0","24","32","75.0","4","17","0","0","0"
"256","August-11-2023","Spain","Netherlands","Ivana Andrés","5","CB","29-029","44","0","0","0","0","0","0","0","0","20","0","1","0","0.0","0.0","0.0","0","0","10","17","58.8","1","7","0","0","0"
"257","August-11-2023","Spain","Netherlands","Irene Paredes","4","CB","32-038","120","0","0","0","0","1","0","0","0","77","0","2","1","0.1","0.1","0.0","1","1","46","65","70.8","5","35","0","0","0"
"258","August-11-2023","Spain","Netherlands","Oihane Hernández","12","RB","23-099","90","0","0","0","0","1","0","1","0","85","4","0","1","0.0","0.0","0.0","1","0","60","76","78.9","6","52","1","0","0"
"259","August-11-2023","Spain","Netherlands","Olga Carmona","19","LB","23-060","30","0","0","0","0","0","0","0","0","19","2","2","0","0.0","0.0","0.0","1","1","13","15","86.7","4","11","0","0","0"
"260","August-11-2023","Spain","Netherlands","Cata Coll","23","GK","22-110","120","0","0","0","0","0","0","0","0","46","0","0","0","0.0","0.0","0.0","0","0","27","43","62.8","0","37","0","0","0"
"261","August-11-2023","Netherlands","Spain","Lieke Martens","11","FW,LM","30-238","120","0","0","0","0","3","1","0","0","53","0","0","1","0.1","0.1","0.3","2","0","21","35","60.0","2","33","2","1","0"
"262","August-11-2023","Netherlands","Spain","Lineth Beerensteyn","7","FW","26-304","120","0","0","0","0","6","2","0","0","41","0","0","4","0.7","0.7","0.1","5","0","16","20","80.0","1","20","4","4","2"
"263","August-11-2023","Netherlands","Spain","Esmee Brugts","22","LW,LB","20-014","88","0","0","0","0","0","0","0","0","48","1","2","2","0.0","0.0","0.0","0","0","23","33","69.7","1","18","0","0","0"
"264","August-11-2023","Netherlands","Spain","Aniek Nouwen","4","CB","24-155","32","0","0","0","0","0","0","0","0","21","0","1","0","0.0","0.0","0.0","0","0","7","15","46.7","1","7","0","0","0"
"265","August-11-2023","Netherlands","Spain","Victoria Pelova","17","RW,RM,CM","24-069","120","0","1","0","0","0","0","0","0","80","3","3","4","0.0","0.0","0.1","2","1","32","59","54.2","4","34","1","3","1"
"266","August-11-2023","Netherlands","Spain","Damaris Egurrola","21","CM","23-350","95","0","0","0","0","0","0","1","0","73","5","9","3","0.0","0.0","0.0","1","0","20","50","40.0","4","24","0","1","0"
"267","August-11-2023","Netherlands","Spain","Caitlin Dijkstra","15","CM","24-193","25","0","0","0","0","0","0","0","0","13","1","0","1","0.0","0.0","0.0","0","0","3","9","33.3","1","3","0","0","0"
"268","August-11-2023","Netherlands","Spain","Jill Roord","6","CM","26-111","60","0","0","0","0","0","0","0","0","28","4","1","1","0.0","0.0","0.1","1","0","12","18","66.7","0","19","0","0","0"
"269","August-11-2023","Netherlands","Spain","Lynn Wilms","2","RB,RW","22-312","60","0","0","0","0","0","0","0","0","35","3","0","1","0.0","0.0","0.0","2","0","16","25","64.0","3","13","0","1","1"
"270","August-11-2023","Netherlands","Spain","Jackie Groenen","14","DM,CM","28-237","120","0","0","0","0","0","0","0","0","50","2","2","0","0.0","0.0","0.1","3","1","27","38","71.1","3","22","0","0","0"
"271","August-11-2023","Netherlands","Spain","Dominique Janssen","20","CB,LB","28-206","120","0","0","0","0","0","0","0","0","62","6","2","4","0.0","0.0","0.0","0","0","26","43","60.5","3","26","0","2","2"
"272","August-11-2023","Netherlands","Spain","Stefanie van der Gragt","3","CB","30-360","104","1","0","0","0","1","1","0","0","48","3","0","0","0.1","0.1","0.0","0","0","19","31","61.3","0","19","1","1","0"
"273","August-11-2023","Netherlands","Spain","Kerstin Casparij","18","CB","22-357","16","0","0","0","0","0","0","0","0","7","0","0","2","0.0","0.0","0.0","0","0","1","5","20.0","0","2","0","0","0"
"274","August-11-2023","Netherlands","Spain","Sherida Spitse","8","CB","33-074","84","0","0","0","0","0","0","0","0","44","3","2","1","0.0","0.0","0.0","0","0","19","32","59.4","1","27","0","0","0"
"275","August-11-2023","Netherlands","Spain","Katja Snoeijs","9","FW","26-345","36","0","0","0","0","0","0","0","0","24","2","0","0","0.0","0.0","0.0","2","0","13","20","65.0","2","15","0","3","2"
"276","August-11-2023","Netherlands","Spain","Daphne van Domselaar","1","GK","23-158","120","0","0","0","0","0","0","0","0","51","0","0","0","0.0","0.0","0.0","0","0","27","46","58.7","0","21","0","0","0"
"277","July-23-2023","Sweden","South Africa","Stina Blackstenius","11","FW","27-168","66","0","0","0","0","1","0","0","0","15","0","0","0","0.1","0.1","0.0","0","0","6","10","60.0","0","13","2","0","0"
"278","July-23-2023","Sweden","South Africa","Rebecka Blomqvist","15","FW","25-364","24","0","0","0","0","0","0","0","0","6","0","0","0","0.0","0.0","0.1","0","0","3","3","100.0","0","5","0","0","0"
"279","July-23-2023","Sweden","South Africa","Fridolina Rolfö","18","AM","29-241","66","1","0","0","0","1","1","0","0","34","0","1","1","0.5","0.5","0.0","0","0","22","28","78.6","5","21","0","0","0"
"280","July-23-2023","Sweden","South Africa","Olivia Schough","22","AM","32-134","24","0","0","0","0","0","0","0","0","18","1","0","0","0.0","0.0","0.0","0","0","5","16","31.3","1","11","0","0","0"
"281","July-23-2023","Sweden","South Africa","Kosovare Asllani","9","AM","33-359","90","0","1","0","0","0","0","0","0","58","1","0","1","0.0","0.0","0.4","7","1","25","41","61.0","2","30","0","4","1"
"282","July-23-2023","Sweden","South Africa","Elin Rubensson","23","CM","30-073","80","0","0","0","0","1","0","0","0","51","3","1","0","0.0","0.0","0.0","1","0","33","43","76.7","3","23","1","1","1"
"283","July-23-2023","Sweden","South Africa","Caroline Seger","17","CM","38-126","10","0","0","0","0","1","1","0","0","15","0","0","1","0.1","0.1","0.0","0","0","8","12","66.7","1","10","3","1","0"
"284","July-23-2023","Sweden","South Africa","Filippa Angeldahl","16","CM","26-009","66","0","0","0","0","4","1","0","0","69","1","1","3","0.2","0.2","0.0","2","0","38","55","69.1","13","41","3","3","3"
"285","July-23-2023","Sweden","South Africa","Hanna Bennison","20","CM","20-280","24","0","0","0","0","0","0","0","0","15","0","0","0","0.0","0.0","0.0","0","0","7","13","53.8","2","13","2","0","0"
"286","July-23-2023","Sweden","South Africa","Jonna Andersson","2","WB","30-202","90","0","0","0","0","1","0","0","0","76","0","0","0","0.1","0.1","1.0","7","0","49","69","71.0","4","23","0","0","0"
"287","July-23-2023","Sweden","South Africa","Johanna Rytting Kaneryd","19","WB","26-161","87","0","1","0","0","0","0","0","0","65","1","0","1","0.0","0.0","0.7","4","1","41","56","73.2","6","40","6","9","4"
"288","July-23-2023","Sweden","South Africa","Lina Hurtig","8","WB","27-321","3","0","0","0","0","0","0","0","0","3","0","0","0","0.0","0.0","0.0","1","0","3","3","100.0","1","1","0","0","0"
"289","July-23-2023","Sweden","South Africa","Magdalena Eriksson","6","CB","29-318","90","0","0","0","0","1","0","0","0","79","0","1","0","0.1","0.1","0.0","2","0","60","74","81.1","15","53","2","0","0"
"290","July-23-2023","Sweden","South Africa","Amanda Ilestedt","13","CB","30-187","90","1","0","0","0","5","3","0","0","77","1","0","0","1.2","1.2","0.0","1","0","64","69","92.8","4","61","0","0","0"
"291","July-23-2023","Sweden","South Africa","Nathalie Björn","14","CB","26-080","90","0","0","0","0","0","0","0","0","106","0","0","0","0.0","0.0","0.0","2","1","89","100","89.0","16","56","2","0","0"
"292","July-23-2023","Sweden","South Africa","Zećira Mušović","1","GK","27-058","90","0","0","0","0","0","0","0","0","24","0","0","0","0.0","0.0","0.0","0","0","18","23","78.3","0","11","0","0","0"
"293","July-23-2023","South Africa","Sweden","Thembi Kgatlana","11","FW","27-082","90","0","0","0","0","4","1","0","0","23","1","0","0","0.2","0.2","0.0","4","1","7","11","63.6","0","15","3","2","1"
"294","July-23-2023","South Africa","Sweden","Linda Motlhalo","10","FW","25-022","66","0","0","0","0","0","0","0","0","23","0","0","1","0.0","0.0","0.0","1","0","12","18","66.7","0","12","1","0","0"
"295","July-23-2023","South Africa","Sweden","Nomi Kgoale","22","CM","27-245","24","0","0","0","0","1","0","0","0","22","0","0","2","0.0","0.0","0.0","1","0","7","13","53.8","0","5","0","0","0"
"296","July-23-2023","South Africa","Sweden","Hildah Magaia","8","RM,LM","28-219","55","1","0","0","0","1","1","0","0","23","1","2","1","0.9","0.9","0.0","1","0","10","13","76.9","0","11","0","3","1"
"297","July-23-2023","South Africa","Sweden","Gabriela Salgado","9","RM,LM","25-153","35","0","0","0","0","0","0","0","0","18","0","2","1","0.0","0.0","0.0","0","0","6","11","54.5","0","9","0","1","0"
"298","July-23-2023","South Africa","Sweden","Kholosa Biyana","19","CM,DM","28-320","90","0","0","0","0","1","0","1","0","35","2","1","0","0.1","0.1","0.0","0","0","14","29","48.3","6","16","0","0","0"
"299","July-23-2023","South Africa","Sweden","Refiloe Jane","15","CM","30-353","90","0","0","0","0","1","0","1","0","42","1","2","1","0.1","0.1","0.2","2","0","21","34","61.8","6","16","1","0","0"
"300","July-23-2023","South Africa","Sweden","Jermaine Seoposenwe","12","LM,RM","29-284","90","0","0","0","0","1","1","0","0","41","2","2","1","0.1","0.1","0.0","1","0","11","24","45.8","1","16","1","3","1"
"301","July-23-2023","South Africa","Sweden","Sibulele Holweni","18","LB","22-086","90","0","0","0","0","0","0","0","0","40","4","4","1","0.0","0.0","0.0","1","0","16","26","61.5","2","8","0","0","0"
"302","July-23-2023","South Africa","Sweden","Bongeka Gamede","3","CB","24-062","90","0","0","0","0","0","0","0","0","34","4","1","2","0.0","0.0","0.0","2","0","7","18","38.9","1","11","0","0","0"
"303","July-23-2023","South Africa","Sweden","Bambanani Mbane","13","CB","33-133","90","0","0","0","0","1","1","0","0","31","2","2","0","0.0","0.0","0.0","0","0","7","20","35.0","1","6","0","0","0"
"304","July-23-2023","South Africa","Sweden","Lebohang Ramalepe","2","RB","31-232","90","0","0","0","0","0","0","0","0","42","1","4","0","0.0","0.0","0.0","0","0","20","35","57.1","1","19","1","1","0"
"305","July-23-2023","South Africa","Sweden","Kaylin Swart","1","GK","28-296","90","0","0","0","0","0","0","0","0","38","0","0","0","0.0","0.0","0.0","1","0","13","35","37.1","0","15","0","0","0"
"306","July-29-2023","Sweden","Italy","Stina Blackstenius","11","FW","27-174","88","1","0","0","0","2","1","0","0","22","0","0","0","0.7","0.7","0.1","2","0","10","12","83.3","1","15","1","7","2"
"307","July-29-2023","Sweden","Italy","Rebecka Blomqvist","15","FW","26-005","2","1","0","0","0","1","1","0","0","4","0","0","0","0.5","0.5","0.0","1","1","3","3","100.0","0","4","1","1","1"
"308","July-29-2023","Sweden","Italy","Fridolina Rolfö","18","LW","29-247","61","1","0","0","0","5","1","0","0","47","1","0","3","0.7","0.7","0.0","5","1","29","33","87.9","5","29","1","4","3"
"309","July-29-2023","Sweden","Italy","Olivia Schough","22","LW","32-140","29","0","0","0","0","1","0","0","0","13","0","1","1","0.1","0.1","0.0","1","0","5","9","55.6","1","4","0","1","0"
"310","July-29-2023","Sweden","Italy","Johanna Rytting Kaneryd","19","RW","26-167","74","0","0","0","0","0","0","0","0","41","3","1","1","0.0","0.0","0.1","1","0","14","22","63.6","1","18","1","6","1"
"311","July-29-2023","Sweden","Italy","Sofia Jakobsson","10","RW","33-097","16","0","1","0","0","1","1","0","0","12","0","0","1","0.1","0.1","0.5","1","1","5","8","62.5","2","7","3","1","0"
"312","July-29-2023","Sweden","Italy","Kosovare Asllani","9","AM","34-000","61","0","0","0","0","0","0","0","0","35","0","0","2","0.0","0.0","0.0","2","0","16","25","64.0","4","26","1","3","1"
"313","July-29-2023","Sweden","Italy","Madelen Janogy","7","AM","27-259","29","0","0","0","0","0","0","0","0","12","2","0","0","0.0","0.0","0.0","0","0","6","10","60.0","0","11","0","1","1"
"314","July-29-2023","Sweden","Italy","Elin Rubensson","23","DM","30-079","74","0","0","0","0","3","1","0","0","45","2","4","4","0.1","0.1","0.0","1","0","26","31","83.9","1","22","0","1","1"
"315","July-29-2023","Sweden","Italy","Caroline Seger","17","DM","38-132","16","0","0","0","0","0","0","0","0","13","0","0","1","0.0","0.0","0.0","0","0","11","12","91.7","0","7","0","0","0"
"316","July-29-2023","Sweden","Italy","Filippa Angeldahl","16","DM","26-015","90","0","0","0","0","2","0","0","0","75","4","2","2","0.0","0.0","0.1","4","0","47","60","78.3","11","41","1","3","3"
"317","July-29-2023","Sweden","Italy","Jonna Andersson","2","LB","30-208","90","0","2","0","0","1","0","0","0","52","1","1","1","0.0","0.0","1.1","5","2","29","44","65.9","1","24","0","1","1"
"318","July-29-2023","Sweden","Italy","Magdalena Eriksson","6","CB","29-324","90","0","0","0","0","0","0","0","0","41","0","2","1","0.0","0.0","0.0","1","0","26","31","83.9","0","25","0","0","0"
"319","July-29-2023","Sweden","Italy","Amanda Ilestedt","13","CB","30-193","90","2","0","0","0","3","2","0","0","50","1","1","1","1.0","1.0","0.2","3","1","30","38","78.9","2","27","0","0","0"
"320","July-29-2023","Sweden","Italy","Nathalie Björn","14","RB","26-086","90","0","0","0","0","2","0","0","0","106","1","1","2","0.2","0.2","0.0","5","1","65","93","69.9","7","50","3","1","0"
"321","July-29-2023","Sweden","Italy","Zećira Mušović","1","GK","27-064","90","0","0","0","0","0","0","0","0","21","0","0","0","0.0","0.0","0.0","0","0","12","19","63.2","0","9","0","0","0"
"322","July-29-2023","Italy","Sweden","Chiara Beccari","14","FW","18-305","74","0","0","0","0","1","0","0","0","33","0","1","0","0.1","0.1","0.0","2","0","16","22","72.7","1","18","0","0","0"
"323","July-29-2023","Italy","Sweden","Valentina Giacinti","9","FW","29-208","16","0","0","0","0","1","0","0","0","6","0","0","0","0.1","0.1","0.0","0","0","2","3","66.7","0","3","0","0","0"
"324","July-29-2023","Italy","Sweden","Barbara Bonansea","8","LW","32-046","58","0","0","0","0","0","0","0","0","29","1","0","3","0.0","0.0","0.0","2","0","5","16","31.3","1","10","0","0","0"
"325","July-29-2023","Italy","Sweden","Annamaria Serturini","15","RW,LW","25-077","32","0","0","0","0","0","0","0","0","20","1","0","2","0.0","0.0","0.0","3","0","9","16","56.3","1","10","0","0","0"
"326","July-29-2023","Italy","Sweden","Sofia Cantore","7","RW,LW","23-302","90","0","0","0","0","4","2","0","0","39","1","0","3","0.1","0.1","0.1","4","0","24","29","82.8","1","22","4","2","2"
"327","July-29-2023","Italy","Sweden","Giulia Dragoni","16","AM","16-264","58","0","0","0","0","0","0","0","0","42","2","0","4","0.0","0.0","0.0","1","0","24","31","77.4","1","21","0","4","3"
"328","July-29-2023","Italy","Sweden","Giada Greggi","20","AM","23-161","32","0","0","0","0","1","0","0","0","21","1","0","2","0.0","0.0","0.0","2","0","13","15","86.7","2","8","1","2","1"
"329","July-29-2023","Italy","Sweden","Arianna Caruso","18","DM","23-265","70","0","0","0","0","2","0","0","0","40","3","1","4","0.1","0.1","0.0","3","0","17","25","68.0","1","11","0","1","0"
"330","July-29-2023","Italy","Sweden","Valentina Cernoia","21","DM","32-037","20","0","0","0","0","0","0","0","0","20","3","0","0","0.0","0.0","0.1","1","0","15","16","93.8","1","9","0","0","0"
"331","July-29-2023","Italy","Sweden","Manuela Giugliano","6","DM","25-345","90","0","0","0","0","1","0","0","0","63","5","1","1","0.0","0.0","0.1","3","0","37","54","68.5","4","32","1","1","0"
"332","July-29-2023","Italy","Sweden","Lisa Boattin","17","LB","26-087","90","0","0","0","0","1","0","0","0","66","3","2","2","0.1","0.1","0.0","0","0","32","51","62.7","4","26","2","7","4"
"333","July-29-2023","Italy","Sweden","Cecilia Salvai","23","CB","29-239","90","0","0","0","0","0","0","0","0","91","5","4","2","0.0","0.0","0.0","1","0","57","77","74.0","6","52","0","2","2"
"334","July-29-2023","Italy","Sweden","Elena Linari","5","CB","29-105","90","0","0","0","0","0","0","0","0","55","3","3","1","0.0","0.0","0.0","0","0","40","42","95.2","1","29","0","0","0"
"335","July-29-2023","Italy","Sweden","Lucia Di Guglielmo","4","RB","26-033","58","0","0","0","0","1","0","0","0","49","1","2","2","0.1","0.1","0.0","0","0","33","41","80.5","2","21","1","0","0"
"336","July-29-2023","Italy","Sweden","Martina Lenzini","19","RB","25-006","32","0","0","0","0","0","0","0","0","28","0","1","0","0.0","0.0","0.0","0","0","19","25","76.0","0","10","0","0","0"
"337","July-29-2023","Italy","Sweden","Francesca Durante","22","GK","26-167","90","0","0","0","0","0","0","0","0","46","1","0","0","0.0","0.0","0.0","0","0","42","45","93.3","0","31","0","0","0"
"338","August-2-2023","Argentina","Sweden","Mariana Larroquette","19","FW","30-282","78","0","0","0","0","2","0","0","0","39","2","1","1","0.0","0.0","0.0","0","0","16","23","69.6","0","27","0","2","2"
"339","August-2-2023","Argentina","Sweden","Érica Lonigro","21","FW","29-027","12","0","0","0","0","2","1","0","0","10","0","0","1","0.3","0.3","0.0","0","0","5","7","71.4","0","5","0","0","0"
"340","August-2-2023","Argentina","Sweden","Florencia Bonsegundo","15","LM","30-019","39","0","0","0","0","0","0","0","0","18","0","2","2","0.0","0.0","0.0","1","0","4","9","44.4","0","10","0","2","1"
"341","August-2-2023","Argentina","Sweden","Daiana Falfán","8","CM","22-292","39","0","0","0","0","0","0","0","0","18","0","0","1","0.0","0.0","0.0","0","0","8","14","57.1","2","8","0","0","0"
"342","August-2-2023","Argentina","Sweden","Yamila Rodríguez","11","CM","25-190","12","0","0","0","0","0","0","0","0","7","0","0","0","0.0","0.0","0.0","0","0","1","5","20.0","0","7","1","0","0"
"343","August-2-2023","Argentina","Sweden","Estefanía Banini","22","LM,CM","33-042","90","0","0","0","0","2","1","0","0","48","1","1","0","0.1","0.1","0.0","0","0","25","35","71.4","2","38","5","5","2"
"344","August-2-2023","Argentina","Sweden","Camila Gómez Ares","17","CM","28-280","70","0","0","0","0","0","0","1","0","34","5","0","2","0.0","0.0","0.0","1","0","17","22","77.3","2","18","0","3","3"
"345","August-2-2023","Argentina","Sweden","Dalila Ippólito","10","CM","21-131","20","0","0","0","0","0","0","0","0","10","1","0","1","0.0","0.0","0.0","1","0","5","6","83.3","2","6","0","0","0"
"346","August-2-2023","Argentina","Sweden","Romina Núñez","7","RM","29-213","90","0","0","0","0","0","0","0","0","39","2","1","1","0.0","0.0","0.0","4","0","17","27","63.0","0","18","0","1","0"
"347","August-2-2023","Argentina","Sweden","Sophia Braun","13","DM","23-037","90","0","0","0","0","0","0","0","0","47","0","2","2","0.0","0.0","0.0","0","0","24","38","63.2","2","24","0","0","0"
"348","August-2-2023","Argentina","Sweden","Eliana Stábile","3","LB","29-249","90","0","0","0","0","0","0","0","0","54","3","0","0","0.0","0.0","0.0","2","0","28","46","60.9","1","18","0","1","0"
"349","August-2-2023","Argentina","Sweden","Aldana Cometti","6","CB","27-152","90","0","0","0","0","0","0","0","0","49","3","2","2","0.0","0.0","0.0","1","0","27","36","75.0","1","25","0","0","0"
"350","August-2-2023","Argentina","Sweden","Adriana Sachs","2","CB","29-220","90","0","0","0","0","0","0","0","0","21","3","1","1","0.0","0.0","0.0","0","0","8","15","53.3","0","8","0","0","0"
"351","August-2-2023","Argentina","Sweden","Julieta Cruz","4","RB","27-059","70","0","0","0","0","0","0","0","0","48","2","2","3","0.0","0.0","0.0","0","0","25","38","65.8","4","13","3","1","1"
"352","August-2-2023","Argentina","Sweden","Gabriela Chávez","18","RB","34-115","20","0","0","0","0","0","0","0","0","10","1","2","0","0.0","0.0","0.0","0","0","5","6","83.3","0","2","0","0","0"
"353","August-2-2023","Argentina","Sweden","Vanina Correa","1","GK","39-353","90","0","0","0","0","0","0","0","0","19","0","0","0","0.0","0.0","0.0","0","0","13","18","72.2","0","5","0","0","0"
"354","August-2-2023","Sweden","Argentina","Rebecka Blomqvist","15","FW","26-009","90","1","0","0","0","1","1","0","0","23","0","0","1","0.8","0.8","0.0","2","1","12","16","75.0","2","16","0","1","0"
"355","August-2-2023","Sweden","Argentina","Olivia Schough","22","LW","32-144","61","0","0","0","0","2","1","1","0","28","0","1","1","0.2","0.2","0.0","0","0","7","20","35.0","1","11","0","3","2"
"356","August-2-2023","Sweden","Argentina","Lina Hurtig","8","LW","27-331","29","0","0","0","0","0","0","0","0","12","2","0","0","0.0","0.0","0.0","0","0","5","10","50.0","1","7","0","0","0"
"357","August-2-2023","Sweden","Argentina","Sofia Jakobsson","10","RW","33-101","75","0","1","0","0","0","0","0","0","41","3","1","4","0.0","0.0","1.0","3","1","16","22","72.7","4","24","3","3","1"
"358","August-2-2023","Sweden","Argentina","Johanna Rytting Kaneryd","19","RW","26-171","15","0","0","0","0","0","0","0","0","8","0","0","2","0.0","0.0","0.0","0","0","3","4","75.0","0","5","1","4","2"
"359","August-2-2023","Sweden","Argentina","Madelen Janogy","7","AM","27-263","89","0","0","0","0","0","0","0","0","36","1","1","1","0.0","0.0","0.0","1","0","11","20","55.0","4","29","2","10","8"
"360","August-2-2023","Sweden","Argentina","Stina Blackstenius","11","AM","27-178","1","0","0","0","0","0","0","0","0","1","0","0","0","0.0","0.0","0.0","0","0","0","1","0.0","0","1","0","0","0"
"361","August-2-2023","Sweden","Argentina","Caroline Seger","17","DM","38-136","45","0","0","0","0","0","0","0","0","26","0","1","1","0.0","0.0","0.0","1","0","18","20","90.0","3","13","0","0","0"
"362","August-2-2023","Sweden","Argentina","Elin Rubensson","23","DM","30-083","45","1","0","1","1","0","0","0","0","42","0","0","0","0.8","0.0","0.0","1","1","28","36","77.8","5","23","0","1","0"
"363","August-2-2023","Sweden","Argentina","Hanna Bennison","20","DM","20-290","90","0","0","0","0","1","0","0","0","47","1","1","1","0.1","0.1","0.0","1","1","26","38","68.4","5","30","2","1","1"
"364","August-2-2023","Sweden","Argentina","Anna Sandberg","5","LB","20-071","90","0","0","0","0","1","0","0","0","80","3","3","0","0.0","0.0","0.0","0","0","45","62","72.6","5","38","2","6","2"
"365","August-2-2023","Sweden","Argentina","Magdalena Eriksson","6","CB","29-328","90","0","0","0","0","1","0","0","0","78","0","1","0","0.0","0.0","0.0","1","0","68","75","90.7","18","53","0","0","0"
"366","August-2-2023","Sweden","Argentina","Amanda Ilestedt","13","CB","30-197","61","0","0","0","0","0","0","0","0","64","1","0","0","0.0","0.0","0.0","0","0","54","61","88.5","6","52","1","0","0"
"367","August-2-2023","Sweden","Argentina","Linda Sembrant","3","CB","36-079","29","0","0","0","0","0","0","0","0","23","2","2","0","0.0","0.0","0.0","0","0","18","19","94.7","5","14","1","0","0"
"368","August-2-2023","Sweden","Argentina","Stina Lennartsson","4","RB","26-120","90","0","0","0","0","0","0","0","0","61","3","0","2","0.0","0.0","0.0","0","0","42","55","76.4","5","27","0","1","1"
"369","August-2-2023","Sweden","Argentina","Jennifer Falk","12","GK","30-098","90","0","0","0","0","0","0","0","0","27","0","0","0","0.0","0.0","0.0","0","0","16","26","61.5","0","16","0","0","0"
"370","August-11-2023","Japan","Sweden","Mina Tanaka","11","FW","29-105","51","0","0","0","0","0","0","0","0","18","1","2","1","0.0","0.0","0.0","0","0","4","8","50.0","1","16","0","2","0"
"371","August-11-2023","Japan","Sweden","Riko Ueki","9","FW","24-012","39","0","0","0","1","1","1","1","0","18","1","0","1","0.9","0.1","0.1","3","0","8","10","80.0","2","9","2","2","1"
"372","August-11-2023","Japan","Sweden","Hinata Miyazawa","7","LW","23-256","80","0","0","0","0","0","0","0","0","38","3","1","1","0.0","0.0","0.0","1","0","16","26","61.5","4","30","0","1","0"
"373","August-11-2023","Japan","Sweden","Kiko Seike","17","LW","27-003","10","0","0","0","0","1","0","0","0","21","4","0","0","0.0","0.0","0.0","1","0","6","11","54.5","1","11","1","2","0"
"374","August-11-2023","Japan","Sweden","Aoba Fujino","15","RW","19-196","90","0","0","0","0","4","1","0","0","60","1","3","1","0.3","0.3","0.1","4","0","33","41","80.5","5","35","2","2","0"
"375","August-11-2023","Japan","Sweden","Hina Sugita","6","LM","26-192","45","0","0","0","0","0","0","0","0","28","2","2","0","0.0","0.0","0.0","0","0","17","23","73.9","0","13","0","0","0"
"376","August-11-2023","Japan","Sweden","Jun Endō","13","LM","23-079","45","0","0","0","0","0","0","0","0","42","3","1","1","0.0","0.0","0.0","4","1","26","35","74.3","3","24","1","2","1"
"377","August-11-2023","Japan","Sweden","Yui Hasegawa","14","CM","26-194","90","0","0","0","0","2","0","0","0","85","0","3","2","0.1","0.1","0.1","3","1","53","75","70.7","8","51","1","5","4"
"378","August-11-2023","Japan","Sweden","Fūka Nagano","10","CM","24-155","80","0","0","0","0","0","0","0","0","47","0","0","3","0.0","0.0","0.1","2","0","34","37","91.9","4","27","0","1","0"
"379","August-11-2023","Japan","Sweden","Honoka Hayashi","16","CM","25-084","10","1","0","0","0","1","1","0","0","16","0","1","0","0.5","0.5","0.0","0","0","11","12","91.7","0","6","0","0","0"
"380","August-11-2023","Japan","Sweden","Risa Shimizu","2","RM","27-057","90","0","0","0","0","0","0","0","0","77","3","0","0","0.0","0.0","0.0","2","0","49","69","71.0","5","40","3","3","1"
"381","August-11-2023","Japan","Sweden","Moeka Minami","3","CB","24-247","90","0","0","0","0","0","0","0","0","60","1","1","0","0.0","0.0","0.0","1","0","45","55","81.8","7","38","0","1","0"
"382","August-11-2023","Japan","Sweden","Saki Kumagai","4","CB","32-298","90","0","0","0","0","0","0","0","0","52","0","0","2","0.0","0.0","0.0","0","0","41","44","93.2","2","29","0","0","0"
"383","August-11-2023","Japan","Sweden","Hana Takahashi","12","CB","23-173","89","0","0","0","0","0","0","0","0","69","0","0","1","0.0","0.0","0.0","1","0","54","58","93.1","5","41","0","0","0"
"384","August-11-2023","Japan","Sweden","Maika Hamano","20","CB","19-094","1","0","0","0","0","1","0","0","0","9","0","0","0","0.0","0.0","0.0","0","0","7","8","87.5","0","5","0","0","0"
"385","August-11-2023","Japan","Sweden","Ayaka Yamashita","1","GK","27-316","90","0","0","0","0","0","0","0","0","35","0","0","0","0.0","0.0","0.0","0","0","29","32","90.6","0","16","0","0","0"
"386","August-11-2023","Sweden","Japan","Stina Blackstenius","11","FW","27-187","90","0","0","0","0","1","0","0","0","22","0","0","0","0.3","0.3","0.0","2","0","10","14","71.4","1","16","1","2","1"
"387","August-11-2023","Sweden","Japan","Fridolina Rolfö","18","LW","29-260","72","0","0","0","0","0","0","0","0","29","0","0","2","0.0","0.0","0.1","4","0","22","24","91.7","3","18","0","0","0"
"388","August-11-2023","Sweden","Japan","Lina Hurtig","8","LW","27-340","18","0","0","0","0","1","0","0","0","12","1","2","0","0.0","0.0","0.0","0","0","2","4","50.0","0","6","0","0","0"
"389","August-11-2023","Sweden","Japan","Johanna Rytting Kaneryd","19","RW","26-180","83","0","0","0","0","2","1","0","0","50","3","2","2","0.1","0.1","0.0","3","1","24","32","75.0","2","30","2","5","0"
"390","August-11-2023","Sweden","Japan","Sofia Jakobsson","10","RW","33-110","7","0","0","0","0","0","0","0","0","9","3","0","0","0.0","0.0","0.0","0","0","0","3","0.0","0","4","0","1","0"
"391","August-11-2023","Sweden","Japan","Kosovare Asllani","9","AM","34-013","71","0","0","0","0","1","1","0","0","42","2","0","1","0.0","0.0","0.0","3","0","21","27","77.8","5","25","1","1","1"
"392","August-11-2023","Sweden","Japan","Madelen Janogy","7","AM","27-272","19","0","0","0","0","0","0","0","0","9","0","0","0","0.0","0.0","0.0","1","0","4","5","80.0","0","6","0","0","0"
"393","August-11-2023","Sweden","Japan","Elin Rubensson","23","DM","30-092","83","0","0","0","0","0","0","0","0","54","1","0","2","0.0","0.0","0.1","1","0","38","43","88.4","6","35","0","1","1"
"394","August-11-2023","Sweden","Japan","Hanna Bennison","20","DM","20-299","7","0","0","0","0","0","0","0","0","4","0","0","1","0.0","0.0","0.0","0","0","0","2","0.0","0","1","0","0","0"
"395","August-11-2023","Sweden","Japan","Filippa Angeldahl","16","DM","26-028","90","1","0","1","1","2","2","0","0","78","2","0","2","0.8","0.0","0.0","1","0","48","65","73.8","9","45","0","2","1"
"396","August-11-2023","Sweden","Japan","Jonna Andersson","2","LB","30-221","90","0","0","0","0","0","0","0","0","62","2","1","2","0.0","0.0","0.0","1","0","40","54","74.1","2","24","0","0","0"
"397","August-11-2023","Sweden","Japan","Magdalena Eriksson","6","CB","29-337","90","0","0","0","0","4","0","0","0","93","0","0","0","0.5","0.5","0.0","3","1","68","80","85.0","2","62","1","0","0"
"398","August-11-2023","Sweden","Japan","Amanda Ilestedt","13","CB","30-206","90","1","0","0","0","1","1","0","0","94","2","4","1","0.4","0.4","0.0","1","0","67","73","91.8","6","68","0","0","0"
"399","August-11-2023","Sweden","Japan","Nathalie Björn","14","RB","26-099","90","0","0","0","0","2","0","0","0","101","4","2","0","0.1","0.1","0.2","4","0","72","90","80.0","5","45","1","0","0"
"400","August-11-2023","Sweden","Japan","Zećira Mušović","1","GK","27-077","90","0","0","0","0","0","0","0","0","24","0","0","0","0.0","0.0","0.0","0","0","15","20","75.0","0","12","0","0","0"
"401","August-15-2023","Spain","Sweden","Jennifer Hermoso","10","FW,LM","33-098","90","0","0","0","0","0","0","0","0","45","0","0","0","0.0","0.0","0.6","6","0","26","39","66.7","3","30","1","1","0"
"402","August-15-2023","Spain","Sweden","Mariona Caldentey","8","LW","27-149","89","0","0","0","0","2","0","0","0","79","3","1","1","0.4","0.4","0.1","4","0","48","63","76.2","7","54","1","6","2"
"403","August-15-2023","Spain","Sweden","Esther González","9","LW","30-250","1","0","0","0","0","0","0","0","0","1","0","0","0","0.0","0.0","0.0","0","0","1","1","100.0","0","1","0","0","0"
"404","August-15-2023","Spain","Sweden","Alba Redondo","17","RW","26-353","72","0","0","0","0","3","0","0","0","41","0","0","0","0.9","0.9","0.1","2","0","16","32","50.0","0","27","2","0","0"
"405","August-15-2023","Spain","Sweden","Eva Navarro","15","RW","22-200","18","0","0","0","0","0","0","0","0","6","0","1","0","0.0","0.0","0.0","0","0","4","4","100.0","0","5","0","1","0"
"406","August-15-2023","Spain","Sweden","Alexia Putellas","11","LM","29-192","56","0","0","0","0","0","0","0","0","29","1","0","0","0.0","0.0","0.0","0","0","15","22","68.2","2","17","1","1","1"
"407","August-15-2023","Spain","Sweden","Salma Paralluelo","18","FW","19-275","34","1","0","0","0","4","1","0","0","20","0","0","0","0.2","0.2","0.6","3","0","8","10","80.0","2","13","4","0","0"
"408","August-15-2023","Spain","Sweden","Teresa Abelleira","3","CM","23-218","90","0","1","0","0","0","0","0","0","74","4","2","2","0.0","0.0","0.0","4","1","48","62","77.4","6","49","1","2","2"
"409","August-15-2023","Spain","Sweden","Aitana Bonmatí","6","RM","25-209","90","0","0","0","0","1","0","0","0","45","0","0","0","0.0","0.0","0.0","2","1","30","39","76.9","5","33","3","1","1"
"410","August-15-2023","Spain","Sweden","Olga Carmona","19","LB","23-064","90","1","0","0","0","3","1","0","0","74","1","3","2","0.1","0.1","0.0","1","1","49","61","80.3","5","46","2","2","1"
"411","August-15-2023","Spain","Sweden","Laia Codina","14","CB","23-205","90","0","0","0","0","0","0","0","0","78","2","0","0","0.0","0.0","0.0","0","0","65","74","87.8","3","49","0","0","0"
"412","August-15-2023","Spain","Sweden","Irene Paredes","4","CB","32-042","90","0","0","0","0","0","0","0","0","58","0","3","0","0.0","0.0","0.0","0","0","38","50","76.0","3","28","0","0","0"
"413","August-15-2023","Spain","Sweden","Ona Batlle","2","RB","24-066","90","0","0","0","0","0","0","0","0","94","6","0","3","0.0","0.0","0.3","3","0","63","78","80.8","2","49","3","1","1"
"414","August-15-2023","Spain","Sweden","Cata Coll","23","GK","22-114","90","0","0","0","0","0","0","0","0","31","0","0","0","0.0","0.0","0.0","0","0","21","26","80.8","0","20","0","0","0"
"415","August-15-2023","Sweden","Spain","Stina Blackstenius","11","FW","27-191","76","0","0","0","0","3","1","0","0","20","1","0","1","0.4","0.4","0.0","0","0","9","11","81.8","0","14","0","3","3"
"416","August-15-2023","Sweden","Spain","Rebecka Blomqvist","15","FW","26-022","14","1","0","0","0","1","1","0","0","4","0","0","0","0.2","0.2","0.0","0","0","1","2","50.0","0","1","0","0","0"
"417","August-15-2023","Sweden","Spain","Fridolina Rolfö","18","LW","29-264","90","0","0","0","0","1","1","0","0","50","2","1","4","0.2","0.2","0.0","1","1","15","36","41.7","7","25","1","3","0"
"418","August-15-2023","Sweden","Spain","Johanna Rytting Kaneryd","19","RW","26-184","76","0","0","0","0","0","0","0","0","34","2","1","3","0.0","0.0","0.3","2","0","12","17","70.6","2","16","2","1","0"
"419","August-15-2023","Sweden","Spain","Olivia Schough","22","RW","32-157","14","0","0","0","0","0","0","0","0","4","0","0","0","0.0","0.0","0.0","0","0","1","4","25.0","0","1","0","0","0"
"420","August-15-2023","Sweden","Spain","Kosovare Asllani","9","AM","34-017","90","0","0","0","0","0","0","0","0","41","1","0","1","0.0","0.0","0.0","1","0","14","29","48.3","2","19","2","4","1"
"421","August-15-2023","Sweden","Spain","Elin Rubensson","23","DM","30-096","86","0","0","0","0","0","0","0","0","35","1","1","2","0.0","0.0","0.0","1","0","22","29","75.9","3","18","1","1","1"
"422","August-15-2023","Sweden","Spain","Lina Hurtig","8","DM","27-344","4","0","1","0","0","0","0","0","0","4","0","0","0","0.0","0.0","0.2","1","1","3","4","75.0","1","3","0","1","1"
"423","August-15-2023","Sweden","Spain","Filippa Angeldahl","16","DM","26-032","90","0","0","0","0","0","0","0","0","44","3","0","4","0.0","0.0","0.0","1","0","19","32","59.4","1","14","0","1","1"
"424","August-15-2023","Sweden","Spain","Jonna Andersson","2","LB","30-225","90","0","0","0","0","0","0","0","0","53","1","2","3","0.0","0.0","0.0","0","0","34","45","75.6","2","14","0","0","0"
"425","August-15-2023","Sweden","Spain","Magdalena Eriksson","6","CB","29-341","90","0","0","0","0","1","0","0","0","53","1","1","1","0.0","0.0","0.0","0","0","28","44","63.6","2","32","2","0","0"
"426","August-15-2023","Sweden","Spain","Amanda Ilestedt","13","CB","30-210","90","0","0","0","0","0","0","0","0","48","2","1","1","0.0","0.0","0.0","0","0","25","43","58.1","2","27","1","0","0"
"427","August-15-2023","Sweden","Spain","Nathalie Björn","14","RB","26-103","90","0","0","0","0","0","0","0","0","61","9","0","0","0.0","0.0","0.2","3","0","37","49","75.5","7","21","0","0","0"
"428","August-15-2023","Sweden","Spain","Zećira Mušović","1","GK","27-081","90","0","0","0","0","0","0","0","0","23","0","0","0","0.0","0.0","0.0","0","0","10","22","45.5","0","10","0","0","0"
"429","August-19-2023","Sweden","Australia","Stina Blackstenius","11","FW","27-195","66","0","1","0","0","2","1","0","0","25","0","0","0","0.3","0.3","0.3","5","2","15","17","88.2","2","17","4","4","2"
"430","August-19-2023","Sweden","Australia","Rebecka Blomqvist","15","FW","26-026","24","0","0","0","0","0","0","0","0","10","0","0","0","0.0","0.0","0.0","0","0","4","7","57.1","0","10","0","0","0"
"431","August-19-2023","Sweden","Australia","Fridolina Rolfö","18","LW,AM","29-268","90","1","0","1","1","2","0","0","0","57","3","0","1","0.9","0.1","0.0","2","0","38","45","84.4","6","40","3","4","3"
"432","August-19-2023","Sweden","Australia","Johanna Rytting Kaneryd","19","RW","26-188","88","0","0","0","0","0","0","0","0","51","1","1","4","0.0","0.0","0.0","2","0","28","35","80.0","5","30","1","5","1"
"433","August-19-2023","Sweden","Australia","Linda Sembrant","3","RW","36-096","2","0","0","0","0","0","0","0","0","2","0","0","0","0.0","0.0","0.0","0","0","0","0","","0","0","0","0","0"
"434","August-19-2023","Sweden","Australia","Kosovare Asllani","9","AM","34-021","66","1","0","0","0","4","2","0","0","46","3","2","1","0.4","0.4","0.1","4","1","22","32","68.8","4","30","1","4","2"
"435","August-19-2023","Sweden","Australia","Lina Hurtig","8","LW","27-348","24","0","0","0","0","0","0","1","0","17","0","1","0","0.0","0.0","0.0","0","0","6","10","60.0","0","8","0","2","0"
"436","August-19-2023","Sweden","Australia","Elin Rubensson","23","DM","30-100","90","0","0","0","0","0","0","1","0","58","4","4","5","0.0","0.0","0.1","3","0","30","39","76.9","4","34","2","2","0"
"437","August-19-2023","Sweden","Australia","Filippa Angeldahl","16","DM","26-036","90","0","0","0","0","2","1","0","0","72","5","3","3","0.2","0.2","0.1","2","1","33","53","62.3","6","42","0","0","0"
"438","August-19-2023","Sweden","Australia","Jonna Andersson","2","LB","30-229","90","0","0","0","0","0","0","0","0","64","1","3","1","0.0","0.0","0.1","2","0","36","52","69.2","2","35","1","0","0"
"439","August-19-2023","Sweden","Australia","Magdalena Eriksson","6","CB","29-345","90","0","0","0","0","0","0","0","0","67","2","0","0","0.0","0.0","0.0","0","0","40","60","66.7","3","46","1","0","0"
"440","August-19-2023","Sweden","Australia","Amanda Ilestedt","13","CB","30-214","90","0","0","0","0","0","0","0","0","50","2","1","0","0.0","0.0","0.0","0","0","35","39","89.7","0","33","0","0","0"
"441","August-19-2023","Sweden","Australia","Nathalie Björn","14","RB","26-107","90","0","0","0","0","0","0","0","0","78","4","1","1","0.0","0.0","0.0","0","0","48","60","80.0","4","37","0","1","0"
"442","August-19-2023","Sweden","Australia","Zećira Mušović","1","GK","27-085","90","0","0","0","0","0","0","0","0","25","0","0","0","0.0","0.0","0.0","0","0","7","22","31.8","0","14","0","0","0"
"443","August-19-2023","Australia","Sweden","Sam Kerr","20","FW","29-343","90","0","0","0","0","2","1","0","0","32","0","0","0","0.2","0.2","0.0","2","0","18","27","66.7","5","17","2","2","1"
"444","August-19-2023","Australia","Sweden","Mary Fowler","11","FW","20-186","90","0","0","0","0","0","0","0","0","37","4","0","4","0.0","0.0","0.0","2","0","11","20","55.0","5","25","0","7","4"
"445","August-19-2023","Australia","Sweden","Caitlin Foord","9","LM","28-281","90","0","0","0","0","1","0","0","0","39","2","1","0","0.0","0.0","0.0","2","0","19","30","63.3","2","25","1","2","1"
"446","August-19-2023","Australia","Sweden","Kyra Cooney-Cross","23","CM","21-185","90","0","0","0","0","2","1","0","0","48","2","0","0","0.0","0.0","0.0","2","0","25","39","64.1","7","28","2","6","4"
"447","August-19-2023","Australia","Sweden","Katrina Gorry","19","CM","31-006","59","0","0","0","0","1","0","1","0","48","4","3","3","0.1","0.1","0.0","2","0","23","27","85.2","3","26","0","4","0"
"448","August-19-2023","Australia","Sweden","Emily van Egmond","10","CM","30-038","31","0","0","0","0","1","0","0","0","34","0","2","1","0.0","0.0","0.0","1","0","16","25","64.0","3","14","1","1","1"
"449","August-19-2023","Australia","Sweden","Hayley Raso","16","RM","28-348","59","0","0","0","0","2","1","0","0","22","0","0","2","0.1","0.1","0.0","0","0","8","14","57.1","1","16","2","3","1"
"450","August-19-2023","Australia","Sweden","Cortnee Vine","5","RB,RM","25-132","31","0","0","0","0","0","0","0","0","20","1","0","1","0.0","0.0","0.0","0","0","9","15","60.0","1","7","0","1","1"
"451","August-19-2023","Australia","Sweden","Steph Catley","7","LB","29-205","90","0","0","0","0","0","0","0","0","64","0","1","0","0.0","0.0","0.1","4","0","38","60","63.3","6","23","1","0","0"
"452","August-19-2023","Australia","Sweden","Clare Polkinghorne","4","CB","34-199","73","0","0","0","0","2","1","0","0","39","1","1","1","0.4","0.4","0.0","0","0","20","29","69.0","4","19","0","1","1"
"453","August-19-2023","Australia","Sweden","Alex Chidiac","8","RM","24-216","17","0","0","0","0","0","0","0","0","7","2","0","0","0.0","0.0","0.0","0","0","4","5","80.0","0","5","0","0","0"
"454","August-19-2023","Australia","Sweden","Clare Hunt","15","CB","24-160","90","0","0","0","0","0","0","0","0","46","2","0","1","0.0","0.0","0.0","0","0","30","42","71.4","0","21","0","0","0"
"455","August-19-2023","Australia","Sweden","Ellie Carpenter","21","RB","23-113","73","0","0","0","0","0","0","0","0","55","1","2","1","0.0","0.0","0.2","3","0","28","41","68.3","1","20","0","2","1"
"456","August-19-2023","Australia","Sweden","Courtney Nevin","2","CB","21-188","17","0","0","0","0","0","0","0","0","8","1","0","0","0.0","0.0","0.0","1","0","4","7","57.1","1","3","0","0","0"
"457","August-19-2023","Australia","Sweden","Mackenzie Arnold","18","GK","29-175","90","0","0","0","0","0","0","0","0","36","0","0","0","0.0","0.0","0.0","0","0","23","34","67.6","0","17","0","0","0"
